state_code,state,month,year,pc_no,pc_name,pc_type,cand_name,cand_sex,cand_catagory,cand_age,party_abbr,votes_polled,position,total_voters,total_electors
S07,Haryana,5,2014,1,Ambala,SC,RATTAN LAL KATARIA,M,SC,62,BJP,612121,1,1220125,1692424
S07,Haryana,5,2014,1,Ambala,SC,RAJ KUMAR BALMIKI,M,SC,57,INC,272047,2,1220125,1692424
S07,Haryana,5,2014,1,Ambala,SC,DR. KUSUM SHERWAL,F,SC,43,INLD,129571,3,1220125,1692424
S07,Haryana,5,2014,1,Ambala,SC,DR. KAPOOR SINGH,M,SC,54,BSP,102627,4,1220125,1692424
S07,Haryana,5,2014,1,Ambala,SC,SURINDER PAL SINGH,M,SC,53,AAAP,63626,5,1220125,1692424
S07,Haryana,5,2014,1,Ambala,SC,ARUN KUMAR,M,SC,42,CPI,11123,6,1220125,1692424
S07,Haryana,5,2014,1,Ambala,SC,None of the Above,NULL,NULL,NULL,NOTA,7816,7,1220125,1692424
S07,Haryana,5,2014,1,Ambala,SC,BHUPINDER KUMAR,M,SC,47,IND,3765,8,1220125,1692424
S07,Haryana,5,2014,1,Ambala,SC,RAJENDER KUMAR BHATAULI,M,SC,44,BSCP,3432,9,1220125,1692424
S07,Haryana,5,2014,1,Ambala,SC,BHURA RAM,M,SC,66,IND,3388,10,1220125,1692424
S07,Haryana,5,2014,1,Ambala,SC,PHOOL CHAND RATTUWALA,M,SC,57,IND,3095,11,1220125,1692424
S07,Haryana,5,2014,1,Ambala,SC,RAMESH CHAND,M,SC,49,IND,2715,12,1220125,1692424
S07,Haryana,5,2014,1,Ambala,SC,ISHWAR SINGH,M,SC,44,IND,1446,13,1220125,1692424
S07,Haryana,5,2014,1,Ambala,SC,RAM JAWARI,M,SC,48,RAKP,1290,14,1220125,1692424
S07,Haryana,5,2014,1,Ambala,SC,GURNAM SINGH,M,SC,55,IND,933,15,1136173,1498459
S07,Haryana,5,2014,2,Kurukshetra,GEN,RAJ KUMAR SAINI,M,GEN,60,BJP,418112,1,1136173,1498459
S07,Haryana,5,2014,2,Kurukshetra,GEN,BALBIR SINGH SAINI,M,GEN,65,INLD,288376,2,1136173,1498459
S07,Haryana,5,2014,2,Kurukshetra,GEN,NAVEEN JINDAL,M,GEN,44,INC,287722,3,1136173,1498459
S07,Haryana,5,2014,2,Kurukshetra,GEN,CHATTAR SINGH,M,GEN,62,BSP,68926,4,1136173,1498459
S07,Haryana,5,2014,2,Kurukshetra,GEN,BALWINDER KAUR,F,GEN,51,AAAP,32554,5,1136173,1498459
S07,Haryana,5,2014,2,Kurukshetra,GEN,RAJ KUMAR SAINI,M,GEN,37,IND,6061,6,1136173,1498459
S07,Haryana,5,2014,2,Kurukshetra,GEN,JASVINDER JASHT BHUKHRI,M,SC,38,IND,3887,7,1136173,1498459
S07,Haryana,5,2014,2,Kurukshetra,GEN,ASHWANI MALHOTRA,M,GEN,49,AITC,3251,8,1136173,1498459
S07,Haryana,5,2014,2,Kurukshetra,GEN,CHUNI MANOJ KUMAR,M,GEN,32,IND,2770,9,1136173,1498459
S07,Haryana,5,2014,2,Kurukshetra,GEN,RANBIR SINGH SHARMA,M,GEN,58,IND,2765,10,1136173,1498459
S07,Haryana,5,2014,2,Kurukshetra,GEN,None of the Above,NULL,NULL,NULL,NOTA,2482,11,1136173,1498459
S07,Haryana,5,2014,2,Kurukshetra,GEN,RAMESHWAR KUMAR SAINI,M,GEN,66,BSCP,2344,12,1136173,1498459
S07,Haryana,5,2014,2,Kurukshetra,GEN,VISHNU BHAGWAN AGGARWAL,M,GEN,66,IND,2083,13,1136173,1498459
S07,Haryana,5,2014,2,Kurukshetra,GEN,DAVINDER KUMAR,M,SC,33,IND,2041,14,1136173,1498459
S07,Haryana,5,2014,2,Kurukshetra,GEN,MASTER DHARAMPAL DHIMAN BRAHAMAN,M,GEN,63,IND,1994,15,1136173,1498459
S07,Haryana,5,2014,2,Kurukshetra,GEN,KULDEEP SINGH MALLHI,M,GEN,44,RPI,1665,16,1136173,1498459
S07,Haryana,5,2014,2,Kurukshetra,GEN,RAM KISHAN,M,SC,49,LPR,1635,17,1136173,1498459
S07,Haryana,5,2014,2,Kurukshetra,GEN,ANIL KUMAR,M,GEN,32,IND,1593,18,1136173,1498459
S07,Haryana,5,2014,2,Kurukshetra,GEN,KANTA ALLARIA,F,SC,43,IBSPK,1534,19,1136173,1498459
S07,Haryana,5,2014,2,Kurukshetra,GEN,ONKAR SINGH,M,GEN,45,NAJC,1483,20,1136173,1498459
S07,Haryana,5,2014,2,Kurukshetra,GEN,GURMEET SINGH,M,GEN,47,LD,1092,21,1136173,1498459
S07,Haryana,5,2014,2,Kurukshetra,GEN,KIRAN PAL,M,GEN,40,BIP,762,22,1136173,1498459
S07,Haryana,5,2014,2,Kurukshetra,GEN,CA. SATISH SINGAL,M,GEN,54,IND,760,23,1136173,1498459
S07,Haryana,5,2014,3,Sirsa,SC,CHARANJEET SINGH RORI,M,SC,43,INLD,506370,1,1279271,1660557
S07,Haryana,5,2014,3,Sirsa,SC,ASHOK TANWAR,M,SC,38,INC,390634,2,1279271,1660557
S07,Haryana,5,2014,3,Sirsa,SC,DR. SUSHIL INDORA,M,SC,54,HJCBL,241067,3,1279271,1660557
S07,Haryana,5,2014,3,Sirsa,SC,POONAM CHAND RATTI,M,SC,58,AAAP,66844,4,1279271,1660557
S07,Haryana,5,2014,3,Sirsa,SC,MANGERAM,M,SC,73,BSP,20750,5,1279271,1660557
S07,Haryana,5,2014,3,Sirsa,SC,COMRADE RAM KUMAR,M,SC,46,CPM,11194,6,1279271,1660557
S07,Haryana,5,2014,3,Sirsa,SC,RANVIR KHOBRA,M,SC,26,IND,7308,7,1279271,1660557
S07,Haryana,5,2014,3,Sirsa,SC,RAJBIR PALNA,M,SC,28,IND,5636,8,1279271,1660557
S07,Haryana,5,2014,3,Sirsa,SC,RAJ KUMAR NAGAR,M,SC,43,SP,4208,9,1279271,1660557
S07,Haryana,5,2014,3,Sirsa,SC,MEWA SINGH,M,SC,43,IND,4136,10,1279271,1660557
S07,Haryana,5,2014,3,Sirsa,SC,None of the Above,NULL,NULL,NULL,NOTA,4033,11,1279271,1660557
S07,Haryana,5,2014,3,Sirsa,SC,SURENDER KUMAR (URF) MENPAL PHOOLA,M,SC,36,IND,3432,12,1279271,1660557
S07,Haryana,5,2014,3,Sirsa,SC,HANSRAJ HANSA,M,SC,42,JM,2901,13,1279271,1660557
S07,Haryana,5,2014,3,Sirsa,SC,SANJIV BHOJRAJ,M,SC,26,VIP,2350,14,1279271,1660557
S07,Haryana,5,2014,3,Sirsa,SC,BALWANT SINGH,M,SC,45,BhSMP,2201,15,1279271,1660557
S07,Haryana,5,2014,3,Sirsa,SC,JAGDISH,M,SC,39,IND,2145,16,1279271,1660557
S07,Haryana,5,2014,3,Sirsa,SC,JAIPAL BHATTI,M,SC,44,IND,1365,17,1279271,1660557
S07,Haryana,5,2014,3,Sirsa,SC,MANJEET SINGH,M,SC,33,IND,1334,18,1279271,1660557
S07,Haryana,5,2014,3,Sirsa,SC,FAKIR CHAND,M,SC,55,IND,1197,19,1279271,1660557
S07,Haryana,5,2014,4,Hisar,GEN,DUSHYANT CHAUTALA,M,GEN,26,INLD,494478,1,1156805,1517606
S07,Haryana,5,2014,4,Hisar,GEN,KULDEEP BISHNOI,M,GEN,45,HJCBL,462631,2,1156805,1517606
S07,Haryana,5,2014,4,Hisar,GEN,SAMPAT SINGH,M,GEN,64,INC,102509,3,1156805,1517606
S07,Haryana,5,2014,4,Hisar,GEN,MANGE RAM,M,GEN,45,BSP,30446,4,1156805,1517606
S07,Haryana,5,2014,4,Hisar,GEN,DR. YUDHBIR SINGH KHYALIA,M,GEN,59,AAAP,28490,5,1156805,1517606
S07,Haryana,5,2014,4,Hisar,GEN,PHUL SINGH,M,GEN,56,CPM,6533,6,1156805,1517606
S07,Haryana,5,2014,4,Hisar,GEN,KULDEEP S/O NARAIN SINGH,M,GEN,30,IND,5251,7,1156805,1517606
S07,Haryana,5,2014,4,Hisar,GEN,KULDEEP S/O PARDUMN,M,GEN,30,IND,2587,8,1156805,1517606
S07,Haryana,5,2014,4,Hisar,GEN,KULDEEP S/O KARAN SINGH,M,GEN,37,IND,1886,9,1156805,1517606
S07,Haryana,5,2014,4,Hisar,GEN,VIJAY KUMAR SHARMA,M,GEN,43,IND,1788,10,1156805,1517606
S07,Haryana,5,2014,4,Hisar,GEN,DR. RAJESH MAHENDIA,M,SC,39,IND,1723,11,1156805,1517606
S07,Haryana,5,2014,4,Hisar,GEN,None of the Above,NULL,NULL,NULL,NOTA,1645,12,1156805,1517606
S07,Haryana,5,2014,4,Hisar,GEN,OM PARKASH,M,GEN,37,BhSMP,1471,13,1156805,1517606
S07,Haryana,5,2014,4,Hisar,GEN,KULDEEP S/O ISHWAR SINGH,M,GEN,33,IND,1242,14,1156805,1517606
S07,Haryana,5,2014,4,Hisar,GEN,MAMTA RANI,F,GEN,46,RPP(LB),1195,15,1156805,1517606
S07,Haryana,5,2014,4,Hisar,GEN,KARTAR SINGH,M,GEN,62,IND,1143,16,1156805,1517606
S07,Haryana,5,2014,4,Hisar,GEN,VISHNU KUMAR,M,GEN,29,IND,1048,17,1156805,1517606
S07,Haryana,5,2014,4,Hisar,GEN,KULDEEP S/O MADAN LAL,M,GEN,48,IND,959,18,1156805,1517606
S07,Haryana,5,2014,4,Hisar,GEN,KULDEEP SINGH S/O SHISHPAL,M,SC,25,BMUP,705,19,1156805,1517606
S07,Haryana,5,2014,4,Hisar,GEN,SUSHIL KAUSHIK,M,GEN,39,IND,700,20,1156805,1517606
S07,Haryana,5,2014,4,Hisar,GEN,VIKAS,M,GEN,38,IND,684,21,1156805,1517606
S07,Haryana,5,2014,4,Hisar,GEN,RAJ SINGH,M,GEN,39,IND,600,22,1156805,1517606
S07,Haryana,5,2014,4,Hisar,GEN,NARESH BATRA,M,GEN,43,IND,587,23,1156805,1517606
S07,Haryana,5,2014,4,Hisar,GEN,RAM PHAL,M,GEN,34,IND,463,24,1156805,1517606
S07,Haryana,5,2014,4,Hisar,GEN,SHIV KUMAR,M,GEN,44,IND,447,25,1156805,1517606
S07,Haryana,5,2014,4,Hisar,GEN,NARENDER,M,GEN,40,IND,408,26,1156805,1517606
S07,Haryana,5,2014,4,Hisar,GEN,KULDEEP S/O SAJJAN,M,GEN,38,IND,395,27,1156805,1517606
S07,Haryana,5,2014,4,Hisar,GEN,NARINDER KUMAR,M,GEN,32,IND,388,28,1156805,1517606
S07,Haryana,5,2014,4,Hisar,GEN,SHRAVAN KUMAR ASIJA,M,GEN,55,IND,371,29,1156805,1517606
S07,Haryana,5,2014,4,Hisar,GEN,SATBIR,M,GEN,53,IND,363,30,1156805,1517606
S07,Haryana,5,2014,4,Hisar,GEN,UMED SINGH,M,GEN,51,IND,342,31,1156805,1517606
S07,Haryana,5,2014,4,Hisar,GEN,ARUN KUMAR,M,GEN,31,IND,307,32,1156805,1517606
S07,Haryana,5,2014,4,Hisar,GEN,ATAM PARKASH,M,GEN,58,IND,300,33,1156805,1517606
S07,Haryana,5,2014,4,Hisar,GEN,SUSHIL NIDHI,M,GEN,41,IND,273,34,1156805,1517606
S07,Haryana,5,2014,4,Hisar,GEN,RAJ KUMAR,M,GEN,31,IND,255,35,1156805,1517606
S07,Haryana,5,2014,4,Hisar,GEN,HANSRAJ,M,SC,42,IND,245,36,1156805,1517606
S07,Haryana,5,2014,4,Hisar,GEN,BALWAN SINGH,M,GEN,40,IND,213,37,1156805,1517606
S07,Haryana,5,2014,4,Hisar,GEN,BALJEET,M,GEN,34,IND,208,38,1156805,1517606
S07,Haryana,5,2014,4,Hisar,GEN,YUDHVIR,M,GEN,45,IND,197,39,1156805,1517606
S07,Haryana,5,2014,4,Hisar,GEN,RAKESH KUMAR (RINKU BHAI),M,GEN,27,IND,176,40,1156805,1517606
S07,Haryana,5,2014,4,Hisar,GEN,SUNDER,M,GEN,44,IND,134,41,1156805,1517606
S07,Haryana,5,2014,4,Hisar,GEN,SITA RAM,M,GEN,34,IND,128,42,1156805,1517606
S07,Haryana,5,2014,5,Karnal,GEN,ASHWINI KUMAR,M,GEN,57,BJP,594817,1,1193697,1684321
S07,Haryana,5,2014,5,Karnal,GEN,ARVIND KUMAR SHARMA,M,GEN,51,INC,234670,2,1193697,1684321
S07,Haryana,5,2014,5,Karnal,GEN,JASWINDER SINGH SANDHU,M,GEN,58,INLD,187902,3,1193697,1684321
S07,Haryana,5,2014,5,Karnal,GEN,MARATHA VIRENDER VERMA,M,GEN,59,BSP,102628,4,1193697,1684321
S07,Haryana,5,2014,5,Karnal,GEN,PARAMJIT SINGH,M,GEN,36,AAAP,32060,5,1193697,1684321
S07,Haryana,5,2014,5,Karnal,GEN,MAM CHAND,M,GEN,70,CPI,10945,6,1193697,1684321
S07,Haryana,5,2014,5,Karnal,GEN,JAGDISH,M,GEN,65,IND,3442,7,1193697,1684321
S07,Haryana,5,2014,5,Karnal,GEN,None of the Above,NULL,NULL,NULL,NOTA,2929,8,1193697,1684321
S07,Haryana,5,2014,5,Karnal,GEN,JAGBIR SINGH RANA,M,GEN,55,IND,2775,9,1193697,1684321
S07,Haryana,5,2014,5,Karnal,GEN,MAHMOOD HASSAN,M,GEN,54,IND,2723,10,1193697,1684321
S07,Haryana,5,2014,5,Karnal,GEN,PALE RAM KASHYAP,M,GEN,47,RJP(E),2654,11,1193697,1684321
S07,Haryana,5,2014,5,Karnal,GEN,RAJESH KUMAR,M,GEN,34,IND,1937,12,1193697,1684321
S07,Haryana,5,2014,5,Karnal,GEN,KISMAT SHARMA,M,GEN,39,IND,1757,13,1193697,1684321
S07,Haryana,5,2014,5,Karnal,GEN,SHASHI SAINI,F,GEN,52,IND,1544,14,1193697,1684321
S07,Haryana,5,2014,5,Karnal,GEN,SAVITRI,F,SC,42,IND,1468,15,1193697,1684321
S07,Haryana,5,2014,5,Karnal,GEN,ASHISH,M,GEN,30,AIFB,1314,16,1193697,1684321
S07,Haryana,5,2014,5,Karnal,GEN,MAHINDER PAL,M,GEN,36,IND,1276,17,1193697,1684321
S07,Haryana,5,2014,5,Karnal,GEN,ARVIND TIWARI,M,GEN,45,IND,1260,18,1193697,1684321
S07,Haryana,5,2014,5,Karnal,GEN,DULI CHAND,M,GEN,66,LPR,1144,19,1193697,1684321
S07,Haryana,5,2014,5,Karnal,GEN,RAMPHAL SHARMA,M,GEN,57,IND,940,20,1193697,1684321
S07,Haryana,5,2014,5,Karnal,GEN,KHATAB SINGH MOR,M,GEN,38,BSCP,885,21,1193697,1684321
S07,Haryana,5,2014,5,Karnal,GEN,PURAN SINGH PANWAR,M,GEN,67,RVNP,865,22,1193697,1684321
S07,Haryana,5,2014,5,Karnal,GEN,DAVINDER SHARMA,M,GEN,50,RAKP,806,23,1193697,1684321
S07,Haryana,5,2014,5,Karnal,GEN,DEVENDER JAGLAN,M,GEN,29,RPI(A),759,24,1193697,1684321
S07,Haryana,5,2014,6,Sonipat,GEN,RAMESH CHANDER,M,GEN,54,BJP,347203,1,986521,1417188
S07,Haryana,5,2014,6,Sonipat,GEN,JAGBIR SINGH MALIK,M,GEN,64,INC,269789,2,986521,1417188
S07,Haryana,5,2014,6,Sonipat,GEN,PADAM SINGH,M,GEN,50,INLD,264404,3,986521,1417188
S07,Haryana,5,2014,6,Sonipat,GEN,JAI SINGH,M,GEN,62,AAAP,48597,4,986521,1417188
S07,Haryana,5,2014,6,Sonipat,GEN,SUMAN SINGH,M,GEN,65,BSP,24103,5,986521,1417188
S07,Haryana,5,2014,6,Sonipat,GEN,SUKHBIR SINGH,M,GEN,58,IND,5534,6,986521,1417188
S07,Haryana,5,2014,6,Sonipat,GEN,RAMESH,M,GEN,53,IND,4405,7,986521,1417188
S07,Haryana,5,2014,6,Sonipat,GEN,SANJAY,M,GEN,40,IND,3950,8,986521,1417188
S07,Haryana,5,2014,6,Sonipat,GEN,BHUPESHWAR DAYAL,M,GEN,37,IND,2525,9,986521,1417188
S07,Haryana,5,2014,6,Sonipat,GEN,MANOJ KUMAR,M,GEN,37,IND,2417,10,986521,1417188
S07,Haryana,5,2014,6,Sonipat,GEN,None of the Above,NULL,NULL,NULL,NOTA,2403,11,986521,1417188
S07,Haryana,5,2014,6,Sonipat,GEN,HARI PARKASH COMRADE,M,GEN,60,SUCI,1757,12,986521,1417188
S07,Haryana,5,2014,6,Sonipat,GEN,PADAM SINGH,M,GEN,64,IND,1375,13,986521,1417188
S07,Haryana,5,2014,6,Sonipat,GEN,BIJENDER KUMAR,M,SC,36,IND,965,14,986521,1417188
S07,Haryana,5,2014,6,Sonipat,GEN,SANT DHARAMVIR CHOTIWALA,M,GEN,42,IND,943,15,986521,1417188
S07,Haryana,5,2014,6,Sonipat,GEN,GULAB SINGH,M,GEN,42,PHRC,916,16,986521,1417188
S07,Haryana,5,2014,6,Sonipat,GEN,SITENDER SINGH,M,GEN,36,IND,899,17,986521,1417188
S07,Haryana,5,2014,6,Sonipat,GEN,DALBIR SINGH CHAHAL,M,GEN,28,RVNP,671,18,986521,1417188
S07,Haryana,5,2014,6,Sonipat,GEN,JASWANT,M,GEN,52,IND,656,19,986521,1417188
S07,Haryana,5,2014,6,Sonipat,GEN,SATYA NARAYAN,M,GEN,47,IND,550,20,986521,1417188
S07,Haryana,5,2014,6,Sonipat,GEN,ASHOK KUMAR VASHISHTH,M,GEN,37,RPI(A),492,21,986521,1417188
S07,Haryana,5,2014,6,Sonipat,GEN,ANIL KUMAR,M,GEN,27,RBHP,468,22,986521,1417188
S07,Haryana,5,2014,6,Sonipat,GEN,JAGBIR,M,SC,29,IND,357,23,986521,1417188
S07,Haryana,5,2014,6,Sonipat,GEN,ANUP SING DAHIYA,M,GEN,66,RJAVP,259,24,986521,1417188
S07,Haryana,5,2014,7,Rohtak,GEN,DEEPENDER SINGH HOODA,M,GEN,36,INC,490063,1,1045723,1567508
S07,Haryana,5,2014,7,Rohtak,GEN,OM PARKASH DHANKAR,M,GEN,52,BJP,319436,2,1045723,1567508
S07,Haryana,5,2014,7,Rohtak,GEN,SHAMSHER SINGH KHARKARA,M,GEN,56,INLD,151120,3,1045723,1567508
S07,Haryana,5,2014,7,Rohtak,GEN,NAVEEN JAIHIND,M,GEN,33,AAAP,46759,4,1045723,1567508
S07,Haryana,5,2014,7,Rohtak,GEN,MANOJ KUMAR,M,GEN,41,BSP,18690,5,1045723,1567508
S07,Haryana,5,2014,7,Rohtak,GEN,None of the Above,NULL,NULL,NULL,NOTA,4932,6,1045723,1567508
S07,Haryana,5,2014,7,Rohtak,GEN,VISHNU DUTT,M,SC,39,IND,3151,7,1045723,1567508
S07,Haryana,5,2014,7,Rohtak,GEN,JAI KARAN MANDAUTHI,M,GEN,68,SUCI,2497,8,1045723,1567508
S07,Haryana,5,2014,7,Rohtak,GEN,SATPAL,M,GEN,44,IND,2449,9,1045723,1567508
S07,Haryana,5,2014,7,Rohtak,GEN,SAJJAN SINGH,M,GEN,66,IND,2032,10,1045723,1567508
S07,Haryana,5,2014,7,Rohtak,GEN,SUNIL KUMAR,M,GEN,46,AITC,947,11,1045723,1567508
S07,Haryana,5,2014,7,Rohtak,GEN,ANIL,M,GEN,30,RBHP,829,12,1045723,1567508
S07,Haryana,5,2014,7,Rohtak,GEN,JAI SINGH,M,GEN,59,IND,614,13,1045723,1567508
S07,Haryana,5,2014,7,Rohtak,GEN,RAVINDER KUMAR,M,SC,37,IBSPK,418,14,1045723,1567508
S07,Haryana,5,2014,7,Rohtak,GEN,KARAN SINGH,M,GEN,60,IND,394,15,1045723,1567508
S07,Haryana,5,2014,8,Bhiwani-Mahendragarh,GEN,DHARAMBIR S/O BHALE RAM,M,GEN,59,BJP,404542,1,1031357,1473912
S07,Haryana,5,2014,8,Bhiwani-Mahendragarh,GEN,BAHADUR SINGH,M,GEN,57,INLD,275148,2,1031357,1473912
S07,Haryana,5,2014,8,Bhiwani-Mahendragarh,GEN,SHRUTI CHOUDHRY,F,GEN,38,INC,268115,3,1031357,1473912
S07,Haryana,5,2014,8,Bhiwani-Mahendragarh,GEN,VED PAL TANWAR,M,GEN,44,BSP,27834,4,1031357,1473912
S07,Haryana,5,2014,8,Bhiwani-Mahendragarh,GEN,LALIT AGGARWAL,M,GEN,39,AAAP,22200,5,1031357,1473912
S07,Haryana,5,2014,8,Bhiwani-Mahendragarh,GEN,LAL CHAND,M,GEN,54,RBC,6265,6,1031357,1473912
S07,Haryana,5,2014,8,Bhiwani-Mahendragarh,GEN,MASTER SHER SINGH,M,GEN,43,CPM,3441,7,1031357,1473912
S07,Haryana,5,2014,8,Bhiwani-Mahendragarh,GEN,PURAN MAL SHARMA,M,GEN,78,IND,3195,8,1031357,1473912
S07,Haryana,5,2014,8,Bhiwani-Mahendragarh,GEN,NARENDER PICHOPA-KHURD,M,GEN,30,IND,3151,9,1031357,1473912
S07,Haryana,5,2014,8,Bhiwani-Mahendragarh,GEN,DHARAMBIR SINGH,M,GEN,44,IND,2357,10,1031357,1473912
S07,Haryana,5,2014,8,Bhiwani-Mahendragarh,GEN,None of the Above,NULL,NULL,NULL,NOTA,1994,11,1031357,1473912
S07,Haryana,5,2014,8,Bhiwani-Mahendragarh,GEN,OMBIR,M,SC,44,LPR,1617,12,1031357,1473912
S07,Haryana,5,2014,8,Bhiwani-Mahendragarh,GEN,NARESH KUMAR,M,GEN,29,SP,1493,13,1031357,1473912
S07,Haryana,5,2014,8,Bhiwani-Mahendragarh,GEN,PARDEEP SINGH TANWAR,M,GEN,52,IND,1334,14,1031357,1473912
S07,Haryana,5,2014,8,Bhiwani-Mahendragarh,GEN,CHITTER SINGH BALI,M,SC,40,IND,1060,15,1031357,1473912
S07,Haryana,5,2014,8,Bhiwani-Mahendragarh,GEN,VEDPARKASH BHARTIYA,M,SC,36,IND,1020,16,1031357,1473912
S07,Haryana,5,2014,8,Bhiwani-Mahendragarh,GEN,DHARM BIR S/O HARI SINGH,M,GEN,53,IND,995,17,1031357,1473912
S07,Haryana,5,2014,8,Bhiwani-Mahendragarh,GEN,SATPAL S/O SUBE,M,GEN,34,IND,826,18,1031357,1473912
S07,Haryana,5,2014,8,Bhiwani-Mahendragarh,GEN,DHARAMBIR S/O BANWARI,M,GEN,54,IND,708,19,1031357,1473912
S07,Haryana,5,2014,8,Bhiwani-Mahendragarh,GEN,RAJIV,M,SC,34,BMUP,603,20,1031357,1473912
S07,Haryana,5,2014,8,Bhiwani-Mahendragarh,GEN,SUDHIR CHANDWAS,M,GEN,27,IND,523,21,1031357,1473912
S07,Haryana,5,2014,8,Bhiwani-Mahendragarh,GEN,MAHAVIR SINGH,M,SC,56,IND,393,22,1031357,1473912
S07,Haryana,5,2014,8,Bhiwani-Mahendragarh,GEN,SAMSER,M,SC,43,NLP,391,23,1031357,1473912
S07,Haryana,5,2014,8,Bhiwani-Mahendragarh,GEN,SHER SINGH,M,GEN,61,IND,361,24,1031357,1473912
S07,Haryana,5,2014,8,Bhiwani-Mahendragarh,GEN,SATPAL S/O LOKRAM,M,GEN,37,IND,297,25,1031357,1473912
S07,Haryana,5,2014,8,Bhiwani-Mahendragarh,GEN,RAKESH KUMAR,M,GEN,43,IND,293,26,1031357,1473912
S07,Haryana,5,2014,8,Bhiwani-Mahendragarh,GEN,SUKHBIR SINGH,M,GEN,47,IND,275,27,1031357,1473912
S07,Haryana,5,2014,9,Gurgaon,GEN,INDERJIT SINGH RAO,M,GEN,64,BJP,644780,1,1320647,1844906
S07,Haryana,5,2014,9,Gurgaon,GEN,ZAKIR HUSSAIN,M,GEN,52,INLD,370058,2,1320647,1844906
S07,Haryana,5,2014,9,Gurgaon,GEN,RAO DHARAM PAL,M,GEN,71,INC,133713,3,1320647,1844906
S07,Haryana,5,2014,9,Gurgaon,GEN,YOGENDRA YADAV,M,GEN,50,AAAP,79456,4,1320647,1844906
S07,Haryana,5,2014,9,Gurgaon,GEN,DHARAMPAL,M,GEN,42,BSP,65009,5,1320647,1844906
S07,Haryana,5,2014,9,Gurgaon,GEN,KUSHESHWAR BHAGAT,M,GEN,43,IND,7821,6,1320647,1844906
S07,Haryana,5,2014,9,Gurgaon,GEN,FAUJI JAI KAWAR TYAGI DIXIT,M,GEN,59,IND,3147,7,1320647,1844906
S07,Haryana,5,2014,9,Gurgaon,GEN,MANOJ YADAV,M,GEN,33,IND,3043,8,1320647,1844906
S07,Haryana,5,2014,9,Gurgaon,GEN,None of the Above,NULL,NULL,NULL,NOTA,2658,9,1320647,1844906
S07,Haryana,5,2014,9,Gurgaon,GEN,AKBAR KASMI,M,GEN,42,RUC,1429,10,1320647,1844906
S07,Haryana,5,2014,9,Gurgaon,GEN,HEMANT KUMAR SAINI,M,GEN,41,BMUP,1153,11,1320647,1844906
S07,Haryana,5,2014,9,Gurgaon,GEN,MAHENDER JAT,M,GEN,41,IND,1021,12,1320647,1844906
S07,Haryana,5,2014,9,Gurgaon,GEN,KARAN SINGH JOURNALIST,M,GEN,39,IND,938,13,1320647,1844906
S07,Haryana,5,2014,9,Gurgaon,GEN,UMED SINGH,M,GEN,27,RMOP,923,14,1320647,1844906
S07,Haryana,5,2014,9,Gurgaon,GEN,MUL CHAND,M,GEN,56,IND,804,15,1320647,1844906
S07,Haryana,5,2014,9,Gurgaon,GEN,ASHOK BHARDWAJ,M,GEN,50,NAJC,713,16,1320647,1844906
S07,Haryana,5,2014,9,Gurgaon,GEN,ABDUL LATIF,M,GEN,58,IND,699,17,1320647,1844906
S07,Haryana,5,2014,9,Gurgaon,GEN,SURINDER KUMAR KHULLAR,M,GEN,61,IND,685,18,1320647,1844906
S07,Haryana,5,2014,9,Gurgaon,GEN,RAJESH,M,GEN,59,IND,566,19,1320647,1844906
S07,Haryana,5,2014,9,Gurgaon,GEN,OMBIR SHARMA,M,GEN,37,IND,566,20,1320647,1844906
S07,Haryana,5,2014,9,Gurgaon,GEN,RAJEEV YADAV,M,GEN,38,IND,494,21,1320647,1844906
S07,Haryana,5,2014,9,Gurgaon,GEN,USHA RANI VERMA,F,GEN,36,IND,489,22,1320647,1844906
S07,Haryana,5,2014,9,Gurgaon,GEN,AHSHAN ALI,M,GEN,43,IND,455,23,1320647,1844906
S07,Haryana,5,2014,10,Faridabad,GEN,KRISHAN PAL,M,GEN,57,BJP,652516,1,1130932,1740352
S07,Haryana,5,2014,10,Faridabad,GEN,AVTAR SINGH BHADANA,M,GEN,58,INC,185643,2,1130932,1740352
S07,Haryana,5,2014,10,Faridabad,GEN,R K ANAND,M,GEN,71,INLD,132472,3,1130932,1740352
S07,Haryana,5,2014,10,Faridabad,GEN,PURSHOTAM DAGAR,M,GEN,32,AAAP,67355,4,1130932,1740352
S07,Haryana,5,2014,10,Faridabad,GEN,PT. RAJENDER SHARMA,M,GEN,51,BSP,66000,5,1130932,1740352
S07,Haryana,5,2014,10,Faridabad,GEN,None of the Above,NULL,NULL,NULL,NOTA,3328,6,1130932,1740352
S07,Haryana,5,2014,10,Faridabad,GEN,HAMID KHAN,M,GEN,62,hkd,2761,7,1130932,1740352
S07,Haryana,5,2014,10,Faridabad,GEN,NANAK CHAND,M,GEN,48,IND,2550,8,1130932,1740352
S07,Haryana,5,2014,10,Faridabad,GEN,DR. KSHETRA PAL SINGH,M,SC,55,IND,1942,9,1130932,1740352
S07,Haryana,5,2014,10,Faridabad,GEN,KHEME THAKUR,M,GEN,34,SP,1940,10,1130932,1740352
S07,Haryana,5,2014,10,Faridabad,GEN,MOHD. MUKIM,M,GEN,25,NLP,1735,11,1130932,1740352
S07,Haryana,5,2014,10,Faridabad,GEN,RAVINDER BHATI,M,GEN,33,ABHM,1689,12,1130932,1740352
S07,Haryana,5,2014,10,Faridabad,GEN,SANJAY MAURYA,M,GEN,40,IND,1104,13,1130932,1740352
S07,Haryana,5,2014,10,Faridabad,GEN,SUKHVEER,M,GEN,40,RBCP,1084,14,1130932,1740352
S07,Haryana,5,2014,10,Faridabad,GEN,NIRMALA,F,SC,45,JD(U),976,15,1130932,1740352
S07,Haryana,5,2014,10,Faridabad,GEN,ADVOCATE KAMAL CHAND ARYA,M,SC,66,BMUP,967,16,1130932,1740352
S07,Haryana,5,2014,10,Faridabad,GEN,CHAUDHARY DAYA CHAND,M,GEN,62,BSCP,711,17,1130932,1740352
S07,Haryana,5,2014,10,Faridabad,GEN,KHUSH DIL SEHGAL (KAPOOR),M,GEN,51,ABHKP,685,18,1130932,1740352
S07,Haryana,5,2014,10,Faridabad,GEN,AHERWAN DHARMENDER RAWAT,M,GEN,32,IND,665,19,1130932,1740352
S07,Haryana,5,2014,10,Faridabad,GEN,LAXMAN,M,SC,37,IND,656,20,1130932,1740352
S07,Haryana,5,2014,10,Faridabad,GEN,MANDHEER SINGH MAAN,M,GEN,40,IND,644,21,1130932,1740352
S07,Haryana,5,2014,10,Faridabad,GEN,KUSUM KUMARI,F,GEN,28,AIPF,620,22,1130932,1740352
S07,Haryana,5,2014,10,Faridabad,GEN,SHUSHILA,F,GEN,37,IND,524,23,1130932,1740352
S07,Haryana,5,2014,10,Faridabad,GEN,DEEPAK GAUR,M,GEN,35,AVIRP,479,24,1130932,1740352
S07,Haryana,5,2014,10,Faridabad,GEN,MUKESH KUMAR SINGH,M,GEN,38,IND,442,25,1130932,1740352
S07,Haryana,5,2014,10,Faridabad,GEN,LALIT MITTAL,M,GEN,28,IND,420,26,1130932,1740352
S07,Haryana,5,2014,10,Faridabad,GEN,RAJENDER,M,GEN,42,IND,410,27,1130932,1740352
S07,Haryana,5,2014,10,Faridabad,GEN,VIJAY RAJ,M,GEN,29,IND,407,28,1130932,1740352
S07,Haryana,3,2009,1,Ambala,SC,SELJA,F,SC,46,INC,322258,1,866914,1264907
S07,Haryana,3,2009,1,Ambala,SC,RATTAN LAL KATARIA,M,SC,57,BJP,307688,2,866914,1264907
S07,Haryana,3,2009,1,Ambala,SC,CHANDER PAL,M,SC,63,BSP,188608,3,866914,1264907
S07,Haryana,3,2009,1,Ambala,SC,DALVIR SINGH,M,SC,42,HJCBL,30689,4,866914,1264907
S07,Haryana,3,2009,1,Ambala,SC,NARINDER KUMAR,M,SC,37,IND,8967,5,866914,1264907
S07,Haryana,3,2009,1,Ambala,SC,HEM RAJ,M,SC,46,LJP,4597,6,866914,1264907
S07,Haryana,3,2009,1,Ambala,SC,AMAR SINGH,M,SC,53,IND,3815,7,866914,1264907
S07,Haryana,3,2009,2,Kurukshetra,GEN,NAVEEN JINDAL,M,GEN,39,INC,397204,1,875707,1166684
S07,Haryana,3,2009,2,Kurukshetra,GEN,ASHOK KUMAR ARORA,M,GEN,49,INLD,278475,2,875707,1166684
S07,Haryana,3,2009,2,Kurukshetra,GEN,GURDYAL SINGH SAINI,M,GEN,62,BSP,151231,3,875707,1166684
S07,Haryana,3,2009,2,Kurukshetra,GEN,JASWANT SINGH CHEEMA,M,GEN,61,HJCBL,16839,4,875707,1166684
S07,Haryana,3,2009,2,Kurukshetra,GEN,SUBHASH MAHENDRA,M,GEN,47,IND,8126,5,875707,1166684
S07,Haryana,3,2009,2,Kurukshetra,GEN,SUNEETA DHARIWAL,F,GEN,40,IND,7139,6,875707,1166684
S07,Haryana,3,2009,2,Kurukshetra,GEN,VISHNU BHAGWAN AGGARWAL,M,GEN,61,IND,7053,7,875707,1166684
S07,Haryana,3,2009,2,Kurukshetra,GEN,PARDHAN CHAND CHAUHAN,M,SC,47,SP,2443,8,875707,1166684
S07,Haryana,3,2009,2,Kurukshetra,GEN,VIRENDER SINGH,M,GEN,29,IND,2132,9,875707,1166684
S07,Haryana,3,2009,2,Kurukshetra,GEN,RAN SINGH,M,SC,27,IND,1460,10,875707,1166684
S07,Haryana,3,2009,2,Kurukshetra,GEN,DR. ASHWINI SHARMA HRITTWAL,M,GEN,46,IND,1156,11,875707,1166684
S07,Haryana,3,2009,2,Kurukshetra,GEN,ATAM PARKASH,M,GEN,52,IND,926,12,875707,1166684
S07,Haryana,3,2009,2,Kurukshetra,GEN,TARSEM LAL,M,GEN,47,IND,639,13,875707,1166684
S07,Haryana,3,2009,2,Kurukshetra,GEN,YASH PAL,M,GEN,51,IND,631,14,875707,1166684
S07,Haryana,3,2009,3,Sirsa,SC,ASHOK TANWAR,M,SC,33,INC,415584,1,981354,1309507
S07,Haryana,3,2009,3,Sirsa,SC,DR. SITA RAM,M,SC,41,INLD,380085,2,981354,1309507
S07,Haryana,3,2009,3,Sirsa,SC,RAJESH KUMAR,M,SC,35,BSP,76010,3,981354,1309507
S07,Haryana,3,2009,3,Sirsa,SC,RAJENDRA PRASAD,M,SC,43,HJCBL,45709,4,981354,1309507
S07,Haryana,3,2009,3,Sirsa,SC,COMRADE RAM KUMAR,M,SC,41,CPM,18999,5,981354,1309507
S07,Haryana,3,2009,3,Sirsa,SC,SHANKER LAL,M,SC,54,IND,14630,6,981354,1309507
S07,Haryana,3,2009,3,Sirsa,SC,RAJ KUMAR NAGAR,M,SC,38,JKNPP,8436,7,981354,1309507
S07,Haryana,3,2009,3,Sirsa,SC,DESRAJ,M,SC,53,IND,4407,8,981354,1309507
S07,Haryana,3,2009,3,Sirsa,SC,SWARN SINGH,M,SC,37,RASJP,3594,9,981354,1309507
S07,Haryana,3,2009,3,Sirsa,SC,PAWAN KUMAR,M,SC,39,IND,3436,10,981354,1309507
S07,Haryana,3,2009,3,Sirsa,SC,VAZIR SINGH,M,SC,41,IND,3293,11,981354,1309507
S07,Haryana,3,2009,3,Sirsa,SC,PUSHPA RANI,F,SC,39,IND,3069,12,981354,1309507
S07,Haryana,3,2009,3,Sirsa,SC,NARENDER PAL,M,SC,41,IND,1699,13,981354,1309507
S07,Haryana,3,2009,3,Sirsa,SC,HANS RAJ,M,SC,37,RPI,1211,14,981354,1309507
S07,Haryana,3,2009,3,Sirsa,SC,JAIBIR SINGH,M,SC,26,IND,1077,15,981354,1309507
S07,Haryana,3,2009,4,Hisar,GEN,BHAJAN LAL S/O KHERAJ,M,GEN,77,HJCBL,248476,1,828461,1194689
S07,Haryana,3,2009,4,Hisar,GEN,SAMPAT SINGH,M,GEN,62,INLD,241493,2,828461,1194689
S07,Haryana,3,2009,4,Hisar,GEN,JAI PARKASH,M,GEN,56,INC,204539,3,828461,1194689
S07,Haryana,3,2009,4,Hisar,GEN,RAM DAYAL GOYAL,M,GEN,63,BSP,90277,4,828461,1194689
S07,Haryana,3,2009,4,Hisar,GEN,ROSHAN LAL,M,SC,51,IJP,6310,5,828461,1194689
S07,Haryana,3,2009,4,Hisar,GEN,SATPAL,M,GEN,27,SMBHP,4603,6,828461,1194689
S07,Haryana,3,2009,4,Hisar,GEN,KULDEEP SINGH,M,GEN,27,IND,3227,7,828461,1194689
S07,Haryana,3,2009,4,Hisar,GEN,KULWANT SINGH,M,GEN,41,IND,2550,8,828461,1194689
S07,Haryana,3,2009,4,Hisar,GEN,JANG BAHADUR,M,SC,35,BHBP,2029,9,828461,1194689
S07,Haryana,3,2009,4,Hisar,GEN,MANU DIGVIJAY SINGH,M,GEN,33,IND,1958,10,828461,1194689
S07,Haryana,3,2009,4,Hisar,GEN,RAJ KUMAR,M,GEN,42,IND,1931,11,828461,1194689
S07,Haryana,3,2009,4,Hisar,GEN,KARAN SINGH,M,GEN,36,BRPP,1527,12,828461,1194689
S07,Haryana,3,2009,4,Hisar,GEN,ARYA KRISHAN,M,GEN,40,IND,1377,13,828461,1194689
S07,Haryana,3,2009,4,Hisar,GEN,AZAD SINGH,M,GEN,39,IND,1311,14,828461,1194689
S07,Haryana,3,2009,4,Hisar,GEN,KRISHAN KUMAR S/O HARIRAM,M,GEN,43,RASJP,1228,15,828461,1194689
S07,Haryana,3,2009,4,Hisar,GEN,RAJENDER,M,GEN,45,IND,1216,16,828461,1194689
S07,Haryana,3,2009,4,Hisar,GEN,DEVI LAL,M,GEN,29,IND,1168,17,828461,1194689
S07,Haryana,3,2009,4,Hisar,GEN,BHATERI,F,GEN,39,IND,1157,18,828461,1194689
S07,Haryana,3,2009,4,Hisar,GEN,BHAJAN LAL S/O DHARAMPAL,M,SC,27,IND,1149,19,828461,1194689
S07,Haryana,3,2009,4,Hisar,GEN,SATPAL SINGH,M,GEN,43,LJP,970,20,828461,1194689
S07,Haryana,3,2009,4,Hisar,GEN,UMRAV SINGH,M,GEN,37,IND,952,21,828461,1194689
S07,Haryana,3,2009,4,Hisar,GEN,ANUP,M,GEN,32,IND,896,22,828461,1194689
S07,Haryana,3,2009,4,Hisar,GEN,JOGENDER KUMAR,M,GEN,38,IND,798,23,828461,1194689
S07,Haryana,3,2009,4,Hisar,GEN,KRISHAN KUMAR S/O GOPI RAM,M,GEN,37,IND,767,24,828461,1194689
S07,Haryana,3,2009,4,Hisar,GEN,JAG RAM,M,GEN,41,IND,749,25,828461,1194689
S07,Haryana,3,2009,4,Hisar,GEN,PARVESH,M,GEN,31,IND,706,26,828461,1194689
S07,Haryana,3,2009,4,Hisar,GEN,NAND KISHOR,M,GEN,54,IND,639,27,828461,1194689
S07,Haryana,3,2009,4,Hisar,GEN,MEHTA ANOOP KUMAR,M,GEN,44,IND,621,28,828461,1194689
S07,Haryana,3,2009,4,Hisar,GEN,GULAB SINGH,M,GEN,47,NELU,585,29,828461,1194689
S07,Haryana,3,2009,4,Hisar,GEN,SANDEEP,M,GEN,25,IND,584,30,828461,1194689
S07,Haryana,3,2009,4,Hisar,GEN,JAGDISH CHANDER ASIJA,M,GEN,35,IND,525,31,828461,1194689
S07,Haryana,3,2009,4,Hisar,GEN,CHHOTU RAM S/O KIRTA RAM,M,GEN,41,IND,408,32,828461,1194689
S07,Haryana,3,2009,4,Hisar,GEN,DEVENDER,M,SC,26,IND,380,33,828461,1194689
S07,Haryana,3,2009,4,Hisar,GEN,CHHOTU RAM S/O LADHU RAM,M,GEN,44,IND,333,34,828461,1194689
S07,Haryana,3,2009,4,Hisar,GEN,ROHTAS,M,GEN,37,IND,305,35,828461,1194689
S07,Haryana,3,2009,4,Hisar,GEN,SANJAY KUMAR,M,GEN,25,IND,267,36,828461,1194689
S07,Haryana,3,2009,4,Hisar,GEN,SHAMSHER,M,SC,36,IND,259,37,828461,1194689
S07,Haryana,3,2009,4,Hisar,GEN,SHARVAN KUMAR,M,GEN,28,IND,191,38,828461,1194689
S07,Haryana,3,2009,5,Karnal,GEN,ARVIND KUMAR SHARMA,M,GEN,46,INC,304698,1,811074,1216977
S07,Haryana,3,2009,5,Karnal,GEN,MARATHA VIRENDER VERMA,M,GEN,58,BSP,228352,2,811074,1216977
S07,Haryana,3,2009,5,Karnal,GEN,I.D.SWAMI,M,GEN,79,BJP,185437,3,811074,1216977
S07,Haryana,3,2009,5,Karnal,GEN,DR. RAMESH CHHABRA,M,GEN,57,HJCBL,49226,4,811074,1216977
S07,Haryana,3,2009,5,Karnal,GEN,MAM CHAND,M,GEN,66,CPI,13587,5,811074,1216977
S07,Haryana,3,2009,5,Karnal,GEN,ANOOP SINGH,M,GEN,28,IND,3494,6,811074,1216977
S07,Haryana,3,2009,5,Karnal,GEN,MUKESH KUMARI,F,GEN,33,IND,3379,7,811074,1216977
S07,Haryana,3,2009,5,Karnal,GEN,BALWAN SINGH RUHAL,M,GEN,43,IND,3248,8,811074,1216977
S07,Haryana,3,2009,5,Karnal,GEN,LAL SINGH KASHYAP,M,GEN,59,IND,2071,9,811074,1216977
S07,Haryana,3,2009,5,Karnal,GEN,ARYA SUSHIL GARG,M,GEN,42,IND,2031,10,811074,1216977
S07,Haryana,3,2009,5,Karnal,GEN,SHIV PARSAD,M,GEN,56,IND,1659,11,811074,1216977
S07,Haryana,3,2009,5,Karnal,GEN,RAMESH SINGLA,M,GEN,40,IND,1567,12,811074,1216977
S07,Haryana,3,2009,5,Karnal,GEN,KALPANA SINGH,F,GEN,34,RPI(A),1536,13,811074,1216977
S07,Haryana,3,2009,5,Karnal,GEN,ASHOK KUMAR,M,GEN,36,IND,1428,14,811074,1216977
S07,Haryana,3,2009,5,Karnal,GEN,DUSHYANT KUMAR,M,GEN,30,IND,1375,15,811074,1216977
S07,Haryana,3,2009,5,Karnal,GEN,SUSHIL GURJAR SIRSI,M,GEN,28,IND,1290,16,811074,1216977
S07,Haryana,3,2009,5,Karnal,GEN,MANOJ KUMAR KASHYAP,M,GEN,36,VAJP,1117,17,811074,1216977
S07,Haryana,3,2009,5,Karnal,GEN,NARENDER SAROHA,M,GEN,34,IND,1080,18,811074,1216977
S07,Haryana,3,2009,5,Karnal,GEN,PREM KUMAR,M,GEN,38,SHS,1031,19,811074,1216977
S07,Haryana,3,2009,5,Karnal,GEN,HAWA SINGH,M,GEN,41,RASJP,1019,20,811074,1216977
S07,Haryana,3,2009,5,Karnal,GEN,RAJIV AHUJA,M,GEN,43,SP,985,21,811074,1216977
S07,Haryana,3,2009,5,Karnal,GEN,RAM PAL,M,GEN,44,RASAP,913,22,811074,1216977
S07,Haryana,3,2009,5,Karnal,GEN,SANJEEV,M,GEN,44,IND,506,23,811074,1216977
S07,Haryana,3,2009,6,Sonipat,GEN,JITENDER SINGH,M,GEN,40,INC,338795,1,712419,1099978
S07,Haryana,3,2009,6,Sonipat,GEN,KISHAN SINGH SANGWAN,M,GEN,59,BJP,177511,2,712419,1099978
S07,Haryana,3,2009,6,Sonipat,GEN,DEVRAJ DIWAN,M,GEN,66,BSP,112837,3,712419,1099978
S07,Haryana,3,2009,6,Sonipat,GEN,PT. UMESH SHARMA,M,GEN,41,HJCBL,42400,4,712419,1099978
S07,Haryana,3,2009,6,Sonipat,GEN,SUKHBIR SINGH,M,GEN,53,NCP,12776,5,712419,1099978
S07,Haryana,3,2009,6,Sonipat,GEN,SHIV NARAYAN,M,GEN,45,IND,3333,6,712419,1099978
S07,Haryana,3,2009,6,Sonipat,GEN,SUSHILA,F,GEN,42,JCP,2987,7,712419,1099978
S07,Haryana,3,2009,6,Sonipat,GEN,RAJENDER SINGH,M,GEN,48,UWF,2552,8,712419,1099978
S07,Haryana,3,2009,6,Sonipat,GEN,SANT DHARAMVIR CHOTIWALA,M,GEN,37,IND,2533,9,712419,1099978
S07,Haryana,3,2009,6,Sonipat,GEN,BALWAN KASHYAP,M,GEN,50,IND,2500,10,712419,1099978
S07,Haryana,3,2009,6,Sonipat,GEN,DR. VEERENDER ARYAVRAT,M,GEN,36,IND,2138,11,712419,1099978
S07,Haryana,3,2009,6,Sonipat,GEN,DALBIR SINGH,M,GEN,39,IND,2086,12,712419,1099978
S07,Haryana,3,2009,6,Sonipat,GEN,BIJENDER KUMAR,M,SC,31,IND,1976,13,712419,1099978
S07,Haryana,3,2009,6,Sonipat,GEN,RAJESH KHAN MACHHRI,M,GEN,28,IND,1405,14,712419,1099978
S07,Haryana,3,2009,6,Sonipat,GEN,ROHTASH REDHU,M,GEN,33,SMBHP,1359,15,712419,1099978
S07,Haryana,3,2009,6,Sonipat,GEN,RAJ PAL,M,GEN,37,CPI(ML)(L),1332,16,712419,1099978
S07,Haryana,3,2009,6,Sonipat,GEN,OM PARKASH MEHTA,M,GEN,45,BHC,1069,17,712419,1099978
S07,Haryana,3,2009,6,Sonipat,GEN,JYOTI PARKASH,M,GEN,28,SP,1046,18,712419,1099978
S07,Haryana,3,2009,6,Sonipat,GEN,KRISHAN KUMAR,M,SC,42,LJP,589,19,712419,1099978
S07,Haryana,3,2009,6,Sonipat,GEN,MADANGOPAL,M,GEN,35,RDMP,578,20,712419,1099978
S07,Haryana,3,2009,6,Sonipat,GEN,GEJENDER,M,GEN,39,KKJHS,456,21,712419,1099978
S07,Haryana,3,2009,7,Rohtak,GEN,DEEPENDER SINGH,M,GEN,31,INC,585016,1,836637,1274972
S07,Haryana,3,2009,7,Rohtak,GEN,NAFE SINGH RATHEE,M,GEN,51,INLD,139280,2,836637,1274972
S07,Haryana,3,2009,7,Rohtak,GEN,RAJ KUMAR,M,GEN,58,BSP,68210,3,836637,1274972
S07,Haryana,3,2009,7,Rohtak,GEN,KRISHAN MURTI,M,GEN,60,HJCBL,20472,4,836637,1274972
S07,Haryana,3,2009,7,Rohtak,GEN,SATYAWAN RANGA,M,SC,33,IND,6876,5,836637,1274972
S07,Haryana,3,2009,7,Rohtak,GEN,JASVIR ARYA,M,GEN,43,IND,3728,6,836637,1274972
S07,Haryana,3,2009,7,Rohtak,GEN,RISHAL SINGH,M,GEN,52,IND,2386,7,836637,1274972
S07,Haryana,3,2009,7,Rohtak,GEN,ASHA NAND,M,GEN,38,IND,2194,8,836637,1274972
S07,Haryana,3,2009,7,Rohtak,GEN,SUDESH KUMAR AGGARWAL,M,GEN,56,SMBHP,2150,9,836637,1274972
S07,Haryana,3,2009,7,Rohtak,GEN,ANUP SINGH MATANHEL,M,GEN,64,IND,1532,10,836637,1274972
S07,Haryana,3,2009,7,Rohtak,GEN,ASHOK,M,GEN,42,IND,1097,11,836637,1274972
S07,Haryana,3,2009,7,Rohtak,GEN,JASMER,M,GEN,38,IND,857,12,836637,1274972
S07,Haryana,3,2009,7,Rohtak,GEN,RAJBIR,M,GEN,33,IJP,710,13,836637,1274972
S07,Haryana,3,2009,7,Rohtak,GEN,SUDESH,M,GEN,36,RPI(A),678,14,836637,1274972
S07,Haryana,3,2009,7,Rohtak,GEN,GORAV,M,GEN,31,IND,394,15,836637,1274972
S07,Haryana,3,2009,7,Rohtak,GEN,KARAN SINGH,M,GEN,60,IND,345,16,836637,1274972
S07,Haryana,3,2009,8,Bhiwani-Mahendragarh,GEN,SHRUTI CHOUDHRY,F,GEN,33,INC,302817,1,865804,1212513
S07,Haryana,3,2009,8,Bhiwani-Mahendragarh,GEN,AJAY SINGH CHAUTALA,M,GEN,44,INLD,247240,2,865804,1212513
S07,Haryana,3,2009,8,Bhiwani-Mahendragarh,GEN,NARENDER SINGH,M,GEN,46,HJCBL,214161,3,865804,1212513
S07,Haryana,3,2009,8,Bhiwani-Mahendragarh,GEN,VIKRAM SINGH,M,GEN,54,BSP,61437,4,865804,1212513
S07,Haryana,3,2009,8,Bhiwani-Mahendragarh,GEN,ANIL KAUSHIK,M,GEN,45,NCP,9731,5,865804,1212513
S07,Haryana,3,2009,8,Bhiwani-Mahendragarh,GEN,PYARELAL,M,SC,42,IND,3414,6,865804,1212513
S07,Haryana,3,2009,8,Bhiwani-Mahendragarh,GEN,NEELKANWAL @ NEELAM AGGARWAL,F,GEN,53,SMBHP,3226,7,865804,1212513
S07,Haryana,3,2009,8,Bhiwani-Mahendragarh,GEN,JAI SINGH,M,SC,39,IJP,2841,8,865804,1212513
S07,Haryana,3,2009,8,Bhiwani-Mahendragarh,GEN,DR. PURAN MAL SHARMA,M,GEN,73,IND,2772,9,865804,1212513
S07,Haryana,3,2009,8,Bhiwani-Mahendragarh,GEN,SAROJ YADAV,F,GEN,48,SP,1855,10,865804,1212513
S07,Haryana,3,2009,8,Bhiwani-Mahendragarh,GEN,LAXMI NARAYAN ASIJA,M,GEN,40,IND,1441,11,865804,1212513
S07,Haryana,3,2009,8,Bhiwani-Mahendragarh,GEN,SURESH KUMAR,M,GEN,43,IND,1296,12,865804,1212513
S07,Haryana,3,2009,8,Bhiwani-Mahendragarh,GEN,ENGINEER MAHABIR SINGH YADAV,M,GEN,50,IND,1191,13,865804,1212513
S07,Haryana,3,2009,8,Bhiwani-Mahendragarh,GEN,HARISH KUMAR,M,SC,35,IND,1065,14,865804,1212513
S07,Haryana,3,2009,8,Bhiwani-Mahendragarh,GEN,RAJESH KUMAR S/O BRIJ LAL,M,GEN,36,IND,968,15,865804,1212513
S07,Haryana,3,2009,8,Bhiwani-Mahendragarh,GEN,ABHEY SINGH,M,GEN,51,IND,953,16,865804,1212513
S07,Haryana,3,2009,8,Bhiwani-Mahendragarh,GEN,MAHENDER SINGH,M,SC,30,BHBP,846,17,865804,1212513
S07,Haryana,3,2009,8,Bhiwani-Mahendragarh,GEN,DHARMENDER SINGH,M,GEN,47,IND,826,18,865804,1212513
S07,Haryana,3,2009,8,Bhiwani-Mahendragarh,GEN,HANSRAJ,M,SC,37,RPI(A),804,19,865804,1212513
S07,Haryana,3,2009,8,Bhiwani-Mahendragarh,GEN,JAIMAL SINGH,M,GEN,65,IND,658,20,865804,1212513
S07,Haryana,3,2009,8,Bhiwani-Mahendragarh,GEN,AJAY SINGH,M,GEN,43,IND,648,21,865804,1212513
S07,Haryana,3,2009,8,Bhiwani-Mahendragarh,GEN,RAJ KUMAR,M,GEN,32,IND,609,22,865804,1212513
S07,Haryana,3,2009,8,Bhiwani-Mahendragarh,GEN,MANMOHAN SINGH,M,SC,32,IND,576,23,865804,1212513
S07,Haryana,3,2009,8,Bhiwani-Mahendragarh,GEN,VED PRAKASH,M,GEN,54,NSSP,573,24,865804,1212513
S07,Haryana,3,2009,8,Bhiwani-Mahendragarh,GEN,BIRENDER SINGH,M,GEN,27,IND,536,25,865804,1212513
S07,Haryana,3,2009,8,Bhiwani-Mahendragarh,GEN,VINOD KUMAR,M,GEN,38,IND,528,26,865804,1212513
S07,Haryana,3,2009,8,Bhiwani-Mahendragarh,GEN,SHRICHAND,M,SC,60,IND,518,27,865804,1212513
S07,Haryana,3,2009,8,Bhiwani-Mahendragarh,GEN,SURENDER,M,GEN,30,IND,512,28,865804,1212513
S07,Haryana,3,2009,8,Bhiwani-Mahendragarh,GEN,RAJESH KUMAR S/O HAWA SINGH,M,GEN,33,IND,350,29,865804,1212513
S07,Haryana,3,2009,9,Gurgaon,GEN,INDERJIT SINGH,M,GEN,59,INC,278516,1,756919,1244437
S07,Haryana,3,2009,9,Gurgaon,GEN,ZAKIR HUSSAIN,M,GEN,47,BSP,193652,2,756919,1244437
S07,Haryana,3,2009,9,Gurgaon,GEN,SUDHA,F,GEN,44,BJP,125837,3,756919,1244437
S07,Haryana,3,2009,9,Gurgaon,GEN,NARVIR SINGH,M,GEN,48,HJCBL,117260,4,756919,1244437
S07,Haryana,3,2009,9,Gurgaon,GEN,YASHPAL,M,GEN,33,LJP,11838,5,756919,1244437
S07,Haryana,3,2009,9,Gurgaon,GEN,NARESH YADAV,M,GEN,27,IND,2794,6,756919,1244437
S07,Haryana,3,2009,9,Gurgaon,GEN,NAZIR AHMED,M,GEN,36,IND,2520,7,756919,1244437
S07,Haryana,3,2009,9,Gurgaon,GEN,DINESH CHANDER YADAV,M,GEN,48,NCP,2462,8,756919,1244437
S07,Haryana,3,2009,9,Gurgaon,GEN,SATEESH KUMAR SINGH,M,GEN,38,SMBHP,2175,9,756919,1244437
S07,Haryana,3,2009,9,Gurgaon,GEN,ISHPAL SINGH TOMER,M,GEN,62,RDMP,2159,10,756919,1244437
S07,Haryana,3,2009,9,Gurgaon,GEN,SATBEER SINGH KUNDU,M,GEN,50,IND,1991,11,756919,1244437
S07,Haryana,3,2009,9,Gurgaon,GEN,PRABHU LAL BATRA,M,GEN,71,RASAP,1841,12,756919,1244437
S07,Haryana,3,2009,9,Gurgaon,GEN,BIMLA DEVI,F,GEN,53,IND,1824,13,756919,1244437
S07,Haryana,3,2009,9,Gurgaon,GEN,BUDH RAM,M,GEN,46,JKM,1727,14,756919,1244437
S07,Haryana,3,2009,9,Gurgaon,GEN,MANBIR SINGH,M,GEN,30,IND,1431,15,756919,1244437
S07,Haryana,3,2009,9,Gurgaon,GEN,SATINDER SINGH THAKRAN,M,GEN,25,IND,1330,16,756919,1244437
S07,Haryana,3,2009,9,Gurgaon,GEN,JAGAN,M,GEN,34,IND,1152,17,756919,1244437
S07,Haryana,3,2009,9,Gurgaon,GEN,SUNIL YADAV,M,GEN,26,SP,1097,18,756919,1244437
S07,Haryana,3,2009,9,Gurgaon,GEN,KUSHESHWAR BHAGAT,M,GEN,38,IND,1044,19,756919,1244437
S07,Haryana,3,2009,9,Gurgaon,GEN,RAMESH KUMAR,M,GEN,36,JKNPP,940,20,756919,1244437
S07,Haryana,3,2009,9,Gurgaon,GEN,NAVEEN,M,GEN,37,IND,926,21,756919,1244437
S07,Haryana,3,2009,9,Gurgaon,GEN,AMAR MOHMMAD,M,GEN,33,IND,699,22,756919,1244437
S07,Haryana,3,2009,9,Gurgaon,GEN,RAKESH,M,GEN,38,IND,663,23,756919,1244437
S07,Haryana,3,2009,9,Gurgaon,GEN,BALWANT SINGH AGGARWAL,M,GEN,59,IND,358,24,756919,1244437
S07,Haryana,3,2009,10,Faridabad,GEN,AVTAR SINGH BHADANA,M,GEN,53,INC,257864,1,625058,1103046
S07,Haryana,3,2009,10,Faridabad,GEN,RAMCHANDER BAINDA,M,GEN,58,BJP,189663,2,625058,1103046
S07,Haryana,3,2009,10,Faridabad,GEN,CHETAN SHARMA,M,GEN,43,BSP,113453,3,625058,1103046
S07,Haryana,3,2009,10,Faridabad,GEN,CHANDER BHATIA,M,GEN,46,HJCBL,31163,4,625058,1103046
S07,Haryana,3,2009,10,Faridabad,GEN,YASH PAL NAGAR,M,GEN,49,IND,8555,5,625058,1103046
S07,Haryana,3,2009,10,Faridabad,GEN,GAJENDER PRATAP BHADANA,M,GEN,46,AIFB(S),2758,6,625058,1103046
S07,Haryana,3,2009,10,Faridabad,GEN,NISAR AHMED,M,GEN,46,RND,2583,7,625058,1103046
S07,Haryana,3,2009,10,Faridabad,GEN,SAHI RAM RAWAT,M,GEN,40,IND,2425,8,625058,1103046
S07,Haryana,3,2009,10,Faridabad,GEN,BRIJ BHUSHAN,M,GEN,36,IND,2417,9,625058,1103046
S07,Haryana,3,2009,10,Faridabad,GEN,SUBHASH,M,GEN,40,RWS,2322,10,625058,1103046
S07,Haryana,3,2009,10,Faridabad,GEN,SAMSUDDIN,M,GEN,44,IND,1385,11,625058,1103046
S07,Haryana,3,2009,10,Faridabad,GEN,TEEKA RAM HOODA,M,GEN,33,IND,1315,12,625058,1103046
S07,Haryana,3,2009,10,Faridabad,GEN,HARSH BHATIA,M,GEN,48,IND,1207,13,625058,1103046
S07,Haryana,3,2009,10,Faridabad,GEN,AVTAR SINGH,M,GEN,33,IND,1159,14,625058,1103046
S07,Haryana,3,2009,10,Faridabad,GEN,DEVINDER,M,GEN,41,JJJKMC,1100,15,625058,1103046
S07,Haryana,3,2009,10,Faridabad,GEN,LATA RANI,F,SC,31,SP,972,16,625058,1103046
S07,Haryana,3,2009,10,Faridabad,GEN,SURAJ BHAN,M,GEN,63,RJAP,960,17,625058,1103046
S07,Haryana,3,2009,10,Faridabad,GEN,REKHA SINGH,F,GEN,42,SMBHP,922,18,625058,1103046
S07,Haryana,3,2009,10,Faridabad,GEN,MUKESH KUMAR JOSHI,M,GEN,42,AIRP,678,19,625058,1103046
S07,Haryana,3,2009,10,Faridabad,GEN,BABU LAL,M,GEN,58,JUP,595,20,625058,1103046
S07,Haryana,3,2009,10,Faridabad,GEN,SUNDER SINGH,M,GEN,50,IND,499,21,625058,1103046
S07,Haryana,3,2009,10,Faridabad,GEN,SUKHBIR SINGH,M,GEN,46,IND,474,22,625058,1103046
S07,Haryana,3,2009,10,Faridabad,GEN,DR K P SINGH,M,GEN,50,IND,468,23,625058,1103046
S07,HARYANA,3,2004,1,Ambala,SC,SELJA,F,SC,,INC,415264,1,847813,1199338
S07,HARYANA,3,2004,1,Ambala,SC,RATTAN LAL KATARIA,M,SC,,BJP,180329,2,847813,1199338
S07,HARYANA,3,2004,1,Ambala,SC,BALWANT SINGH,M,SC,,INLD,130972,3,847813,1199338
S07,HARYANA,3,2004,1,Ambala,SC,CHANDER PAL,M,SC,,BSP,57028,4,847813,1199338
S07,HARYANA,3,2004,1,Ambala,SC,AMAN KUMAR NAGRA,M,SC,,HVP,22039,5,847813,1199338
S07,HARYANA,3,2004,1,Ambala,SC,RANBIR SINGH,M,SC,,ES,13292,6,847813,1199338
S07,HARYANA,3,2004,1,Ambala,SC,SUNIL KUMAR,M,SC,,IND,9574,7,847813,1199338
S07,HARYANA,3,2004,1,Ambala,SC,RAUNAQ SINGH,M,SC,,IND,7324,8,847813,1199338
S07,HARYANA,3,2004,1,Ambala,SC,JASWINDER SINGH,M,SC,,IND,3477,9,847813,1199338
S07,HARYANA,3,2004,1,Ambala,SC,HEM RAJ,M,SC,,LJNSP,2262,10,847813,1199338
S07,HARYANA,3,2004,1,Ambala,SC,ARVIND KUMAR SONKAR,M,SC,,ABHM,2224,11,847813,1199338
S07,HARYANA,3,2004,1,Ambala,SC,RAM SARUP,M,SC,,IND,2098,12,847813,1199338
S07,HARYANA,3,2004,1,Ambala,SC,SANJEEV GHARU,M,SC,,SAP,1842,13,847813,1199338
S07,HARYANA,3,2004,2,Kurukshetra,GEN,NAVEEN JINDAL,M,GEN,,INC,362054,1,850994,1161933
S07,HARYANA,3,2004,2,Kurukshetra,GEN,ABHAY SINGH CHAUTALA,M,GEN,,INLD,201864,2,850994,1161933
S07,HARYANA,3,2004,2,Kurukshetra,GEN,GURDAYAL SINGH SAINI,M,GEN,,BJP,126910,3,850994,1161933
S07,HARYANA,3,2004,2,Kurukshetra,GEN,JATINDER SINGH ( KAKKA),M,GEN,,HVP,77136,4,850994,1161933
S07,HARYANA,3,2004,2,Kurukshetra,GEN,SARDAR JAGMEET SINGH SAINI,M,GEN,,ES,31202,5,850994,1161933
S07,HARYANA,3,2004,2,Kurukshetra,GEN,MONA RAM,M,GEN,,BSP,23057,6,850994,1161933
S07,HARYANA,3,2004,2,Kurukshetra,GEN,RAGHUBIR CHAND,M,SC,,IND,8667,7,850994,1161933
S07,HARYANA,3,2004,2,Kurukshetra,GEN,SUNIL GUPTA,M,GEN,,IND,7381,8,850994,1161933
S07,HARYANA,3,2004,2,Kurukshetra,GEN,ROOP CHAND,M,GEN,,IND,3470,9,850994,1161933
S07,HARYANA,3,2004,2,Kurukshetra,GEN,VISHAL JOLLY,M,GEN,,SP,2310,10,850994,1161933
S07,HARYANA,3,2004,2,Kurukshetra,GEN,BHUPENDER SINGH,M,GEN,,IND,2169,11,850994,1161933
S07,HARYANA,3,2004,2,Kurukshetra,GEN,JAGIR SINGH,M,GEN,,IND,1623,12,850994,1161933
S07,HARYANA,3,2004,2,Kurukshetra,GEN,JAI SINGH,M,GEN,,IND,1346,13,850994,1161933
S07,HARYANA,3,2004,2,Kurukshetra,GEN,JAGMOHAN,M,GEN,,IND,964,14,850994,1161933
S07,HARYANA,3,2004,2,Kurukshetra,GEN,ATAM PRAKASH,M,GEN,,IND,705,15,850994,1161933
S07,HARYANA,3,2004,3,Karnal,GEN,ARVIND KUMAR SHARMA,M,GEN,,INC,318948,1,819068,1240344
S07,HARYANA,3,2004,3,Karnal,GEN,I. D. SWAMI,M,GEN,,BJP,154186,2,819068,1240344
S07,HARYANA,3,2004,3,Karnal,GEN,ASHOK KUMAR ARORA,M,GEN,,INLD,113510,3,819068,1240344
S07,HARYANA,3,2004,3,Karnal,GEN,RAJ KUMAR,M,GEN,,ES,82430,4,819068,1240344
S07,HARYANA,3,2004,3,Karnal,GEN,ASHOK KUMAR KASHYAP,M,GEN,,BSP,67392,5,819068,1240344
S07,HARYANA,3,2004,3,Karnal,GEN,KULDIP SHARMA,M,GEN,,IND,27223,6,819068,1240344
S07,HARYANA,3,2004,3,Karnal,GEN,RAM CHANDER JANGRA,M,GEN,,HVP,21371,7,819068,1240344
S07,HARYANA,3,2004,3,Karnal,GEN,NARESH SACHDEVA,M,GEN,,IND,6282,8,819068,1240344
S07,HARYANA,3,2004,3,Karnal,GEN,MAHINDER SINGH RANA,M,SC,,IND,4807,9,819068,1240344
S07,HARYANA,3,2004,3,Karnal,GEN,RAGHUMAL BHATT,M,SC,,SP,3696,10,819068,1240344
S07,HARYANA,3,2004,3,Karnal,GEN,RAM MEHAR SINGH,M,GEN,,IND,2490,11,819068,1240344
S07,HARYANA,3,2004,3,Karnal,GEN,MAHINDER SINGH,M,GEN,,CPI(ML)(L),2487,12,819068,1240344
S07,HARYANA,3,2004,3,Karnal,GEN,RISHI RAM GUPTA,M,GEN,,IND,2364,13,819068,1240344
S07,HARYANA,3,2004,3,Karnal,GEN,RAJBIR SINGH CHAUHAN,M,GEN,,IND,2088,14,819068,1240344
S07,HARYANA,3,2004,3,Karnal,GEN,ANGREJ SINGH JOON,M,GEN,,RGD,1977,15,819068,1240344
S07,HARYANA,3,2004,3,Karnal,GEN,DULI CHAND MALIK,M,GEN,,IND,1888,16,819068,1240344
S07,HARYANA,3,2004,3,Karnal,GEN,SURINDER SINGH HOODA,M,GEN,,LJNSP,1729,17,819068,1240344
S07,HARYANA,3,2004,3,Karnal,GEN,RAJ KUMAR KASHYAP,M,GEN,,IND,1707,18,819068,1240344
S07,HARYANA,3,2004,3,Karnal,GEN,ROSHAN LAL BINDAL,M,GEN,,SHS,1315,19,819068,1240344
S07,HARYANA,3,2004,3,Karnal,GEN,PREMO ALIAS PREMVATI KASHYAP,F,GEN,,FCI,1037,20,819068,1240344
S07,HARYANA,3,2004,4,Sonepat,GEN,KISHAN SINGH SANGWAN,M,GEN,,BJP,233477,1,737319,1138771
S07,HARYANA,3,2004,4,Sonepat,GEN,DHARAM PAL SINGH MALIK,M,GEN,,INC,225908,2,737319,1138771
S07,HARYANA,3,2004,4,Sonepat,GEN,KRISHNA MALIK,F,GEN,,INLD,198866,3,737319,1138771
S07,HARYANA,3,2004,4,Sonepat,GEN,SUGAN GUPTA,M,GEN,,BSP,37185,4,737319,1138771
S07,HARYANA,3,2004,4,Sonepat,GEN,JAGBIR SINGH MALIK,M,GEN,,IND,21126,5,737319,1138771
S07,HARYANA,3,2004,4,Sonepat,GEN,SHAMSHER,M,GEN,,IND,2926,6,737319,1138771
S07,HARYANA,3,2004,4,Sonepat,GEN,SANT RAM,M,SC,,IND,2889,7,737319,1138771
S07,HARYANA,3,2004,4,Sonepat,GEN,SITYENDER,M,GEN,,IND,2055,8,737319,1138771
S07,HARYANA,3,2004,4,Sonepat,GEN,BASANT,M,GEN,,IND,1787,9,737319,1138771
S07,HARYANA,3,2004,4,Sonepat,GEN,SATBIR,M,GEN,,IND,1662,10,737319,1138771
S07,HARYANA,3,2004,4,Sonepat,GEN,HARI PARKASH,M,GEN,,IND,1640,11,737319,1138771
S07,HARYANA,3,2004,4,Sonepat,GEN,KIRPAL SINGH,M,GEN,,JD(S),1346,12,737319,1138771
S07,HARYANA,3,2004,4,Sonepat,GEN,BRAHAM SINGH,M,GEN,,IND,1184,13,737319,1138771
S07,HARYANA,3,2004,4,Sonepat,GEN,BALBIR SINGH,M,SC,,RSBP,999,14,737319,1138771
S07,HARYANA,3,2004,4,Sonepat,GEN,JAGDISH RAI AGGARWAL,M,GEN,,IND,949,15,737319,1138771
S07,HARYANA,3,2004,4,Sonepat,GEN,KRISHAN,M,GEN,,IND,747,16,737319,1138771
S07,HARYANA,3,2004,4,Sonepat,GEN,SUBE SINGH,M,GEN,,JCP,671,17,737319,1138771
S07,HARYANA,3,2004,4,Sonepat,GEN,NAVEEN KUMAR,M,GEN,,IND,597,18,737319,1138771
S07,HARYANA,3,2004,4,Sonepat,GEN,JAI KISHAN,M,GEN,,IND,574,19,737319,1138771
S07,HARYANA,3,2004,4,Sonepat,GEN,SATYA PAL,M,GEN,,LJNSP,531,20,737319,1138771
S07,HARYANA,3,2004,5,Rohtak,GEN,BHUPINDER SINGH,M,GEN,,INC,324235,1,664564,1055610
S07,HARYANA,3,2004,5,Rohtak,GEN,ABHIMANYU,M,GEN,,BJP,173800,2,664564,1055610
S07,HARYANA,3,2004,5,Rohtak,GEN,BHIM SINGH,M,GEN,,INLD,105640,3,664564,1055610
S07,HARYANA,3,2004,5,Rohtak,GEN,GEETA,F,GEN,,BSP,24228,4,664564,1055610
S07,HARYANA,3,2004,5,Rohtak,GEN,USHA,F,GEN,,HVP,10334,5,664564,1055610
S07,HARYANA,3,2004,5,Rohtak,GEN,AJAY SINGH,M,GEN,,AIFB,2637,6,664564,1055610
S07,HARYANA,3,2004,5,Rohtak,GEN,JAIPAL,M,GEN,,IND,2575,7,664564,1055610
S07,HARYANA,3,2004,5,Rohtak,GEN,RADHE SHYAM,M,GEN,,IND,2095,8,664564,1055610
S07,HARYANA,3,2004,5,Rohtak,GEN,NAFE,M,GEN,,IND,2033,9,664564,1055610
S07,HARYANA,3,2004,5,Rohtak,GEN,ANOOP SINGH MATANHAIL,M,GEN,,IND,1984,10,664564,1055610
S07,HARYANA,3,2004,5,Rohtak,GEN,RANVIR SINGH,M,GEN,,IND,1956,11,664564,1055610
S07,HARYANA,3,2004,5,Rohtak,GEN,BHARPUR,M,GEN,,RLD,1849,12,664564,1055610
S07,HARYANA,3,2004,5,Rohtak,GEN,SHISHPAL,M,GEN,,SAP,1291,13,664564,1055610
S07,HARYANA,3,2004,5,Rohtak,GEN,RAMPHAL,M,GEN,,IND,976,14,664564,1055610
S07,HARYANA,3,2004,5,Rohtak,GEN,KARAN SINGH,M,GEN,,IND,959,15,664564,1055610
S07,HARYANA,3,2004,5,Rohtak,GEN,AJAY KUMAR,M,GEN,,IND,949,16,664564,1055610
S07,HARYANA,3,2004,5,Rohtak,GEN,HARI SINGH,M,GEN,,IND,938,17,664564,1055610
S07,HARYANA,3,2004,5,Rohtak,GEN,KULDEEP SINGH,M,GEN,,IND,857,18,664564,1055610
S07,HARYANA,3,2004,5,Rohtak,GEN,BIMLA,F,GEN,,BRPP,585,19,664564,1055610
S07,HARYANA,3,2004,5,Rohtak,GEN,SATENDER,M,GEN,,IND,466,20,664564,1055610
S07,HARYANA,3,2004,5,Rohtak,GEN,ANOOP SINGH,M,SC,,RVP,460,21,664564,1055610
S07,HARYANA,3,2004,5,Rohtak,GEN,MUKHTIAR SINGH,M,GEN,,IND,419,22,664564,1055610
S07,HARYANA,3,2004,5,Rohtak,GEN,SAJJAN SINGH,M,GEN,,IND,404,23,664564,1055610
S07,HARYANA,3,2004,5,Rohtak,GEN,JAIMAL,M,GEN,,RSKP,379,24,664564,1055610
S07,HARYANA,3,2004,6,Faridabad,GEN,AVTAR SINGH BHADANA,M,GEN,,INC,357284,1,844770,1546578
S07,HARYANA,3,2004,6,Faridabad,GEN,MOHD. ILYAS,M,GEN,,INLD,205355,2,844770,1546578
S07,HARYANA,3,2004,6,Faridabad,GEN,RAMCHANDER BAINDA,M,GEN,,BJP,171714,3,844770,1546578
S07,HARYANA,3,2004,6,Faridabad,GEN,HAJI ABDUL MALIK,M,GEN,,BSP,71459,4,844770,1546578
S07,HARYANA,3,2004,6,Faridabad,GEN,DEVENDER BHADANA,M,GEN,,HVP,13042,5,844770,1546578
S07,HARYANA,3,2004,6,Faridabad,GEN,DR. K. P. SINGH,M,SC,,IND,4956,6,844770,1546578
S07,HARYANA,3,2004,6,Faridabad,GEN,CHAUDHARY AKHTAR,M,GEN,,SP,4407,7,844770,1546578
S07,HARYANA,3,2004,6,Faridabad,GEN,SUBHASH BAGHEL,M,GEN,,LP(S),4172,8,844770,1546578
S07,HARYANA,3,2004,6,Faridabad,GEN,LOKENDRA SINGH,M,GEN,,SHS,3920,9,844770,1546578
S07,HARYANA,3,2004,6,Faridabad,GEN,CHANDER BHAN SHARMA,M,GEN,,IND,3769,10,844770,1546578
S07,HARYANA,3,2004,6,Faridabad,GEN,BALDEV SINGH,M,GEN,,IND,2063,11,844770,1546578
S07,HARYANA,3,2004,6,Faridabad,GEN,RAM NIWAS RATHI,M,GEN,,LJNSP,1097,12,844770,1546578
S07,HARYANA,3,2004,6,Faridabad,GEN,KAMAL GODARA,M,GEN,,IND,856,13,844770,1546578
S07,HARYANA,3,2004,6,Faridabad,GEN,AKHTAR HUSAIN,M,GEN,,IND,624,14,844770,1546578
S07,HARYANA,3,2004,7,Mahendragarh,GEN,INDERJIT SINGH,M,GEN,,INC,358714,1,849391,1429015
S07,HARYANA,3,2004,7,Mahendragarh,GEN,DR. SUDHA YADAV,F,GEN,,BJP,148373,2,849391,1429015
S07,HARYANA,3,2004,7,Mahendragarh,GEN,RAGHU YADAV,M,GEN,,SP,121062,3,849391,1429015
S07,HARYANA,3,2004,7,Mahendragarh,GEN,SWAMI DHARAM DEV,M,GEN,,INLD,115154,4,849391,1429015
S07,HARYANA,3,2004,7,Mahendragarh,GEN,ROHTASH,M,GEN,,BSP,56181,5,849391,1429015
S07,HARYANA,3,2004,7,Mahendragarh,GEN,ANIL RAO,M,GEN,,HVP,30134,6,849391,1429015
S07,HARYANA,3,2004,7,Mahendragarh,GEN,SATBIR KUNDU,M,GEN,,IND,7207,7,849391,1429015
S07,HARYANA,3,2004,7,Mahendragarh,GEN,COMRADE RAJENDER SINGH ADVOCATE,M,GEN,,IND,3286,8,849391,1429015
S07,HARYANA,3,2004,7,Mahendragarh,GEN,AJAY KUMAR,M,GEN,,RVP,2939,9,849391,1429015
S07,HARYANA,3,2004,7,Mahendragarh,GEN,RAM KISHAN,M,GEN,,BRPP,1683,10,849391,1429015
S07,HARYANA,3,2004,7,Mahendragarh,GEN,NARESH,M,GEN,,IND,1495,11,849391,1429015
S07,HARYANA,3,2004,7,Mahendragarh,GEN,BHAGAT BAL KISHAN SAINI,M,GEN,,IND,1439,12,849391,1429015
S07,HARYANA,3,2004,7,Mahendragarh,GEN,ALAKH MOHAN MATHUR,M,GEN,,IND,908,13,849391,1429015
S07,HARYANA,3,2004,7,Mahendragarh,GEN,VED PRAKASH,M,GEN,,NSSP,730,14,849391,1429015
S07,HARYANA,3,2004,8,Bhiwani,GEN,KULDEEP BISHNOI,M,GEN,,INC,290936,1,871464,1192271
S07,HARYANA,3,2004,8,Bhiwani,GEN,SURENDER SINGH,M,GEN,,HVP,266532,2,871464,1192271
S07,HARYANA,3,2004,8,Bhiwani,GEN,AJAY SINGH CHAUTALA,M,GEN,,INLD,241958,3,871464,1192271
S07,HARYANA,3,2004,8,Bhiwani,GEN,RAM BILAS,M,GEN,,BJP,24467,4,871464,1192271
S07,HARYANA,3,2004,8,Bhiwani,GEN,RAMANAND,M,GEN,,BSP,17216,5,871464,1192271
S07,HARYANA,3,2004,8,Bhiwani,GEN,MANGE RAM,M,GEN,,IND,5638,6,871464,1192271
S07,HARYANA,3,2004,8,Bhiwani,GEN,SURENDER,M,GEN,,IND,4855,7,871464,1192271
S07,HARYANA,3,2004,8,Bhiwani,GEN,SANJEEV,M,GEN,,IND,4513,8,871464,1192271
S07,HARYANA,3,2004,8,Bhiwani,GEN,KULDEEP,M,GEN,,IND,4450,9,871464,1192271
S07,HARYANA,3,2004,8,Bhiwani,GEN,MAHENDER SINGH,M,GEN,,SP,2977,10,871464,1192271
S07,HARYANA,3,2004,8,Bhiwani,GEN,RAJ DEVI JANGRA,F,GEN,,IND,1950,11,871464,1192271
S07,HARYANA,3,2004,8,Bhiwani,GEN,BHAL SINGH,M,GEN,,IND,1826,12,871464,1192271
S07,HARYANA,3,2004,8,Bhiwani,GEN,DEVI LAL,M,GEN,,IND,1474,13,871464,1192271
S07,HARYANA,3,2004,8,Bhiwani,GEN,KAPTAN,M,GEN,,LJNSP,891,14,871464,1192271
S07,HARYANA,3,2004,8,Bhiwani,GEN,TAPESH BAGATI,M,GEN,,IND,846,15,871464,1192271
S07,HARYANA,3,2004,8,Bhiwani,GEN,MANGAL SINGH,M,GEN,,IND,615,16,871464,1192271
S07,HARYANA,3,2004,9,Hissar,GEN,JAI PARKASH,M,GEN,,INC,407210,1,769998,1136762
S07,HARYANA,3,2004,9,Hissar,GEN,SURENDER SINGH BARWALA,M,GEN,,INLD,224442,2,769998,1136762
S07,HARYANA,3,2004,9,Hissar,GEN,SWAMI RAGHVANAND,M,GEN,,BJP,64722,3,769998,1136762
S07,HARYANA,3,2004,9,Hissar,GEN,SANT RAM PRAKASH,M,SC,,BSP,25060,4,769998,1136762
S07,HARYANA,3,2004,9,Hissar,GEN,KANWAL SINGH,M,GEN,,HVP,19475,5,769998,1136762
S07,HARYANA,3,2004,9,Hissar,GEN,SUNIL KUMAR,M,GEN,,IND,9686,6,769998,1136762
S07,HARYANA,3,2004,9,Hissar,GEN,RAMJI LAL,M,GEN,,IND,4917,7,769998,1136762
S07,HARYANA,3,2004,9,Hissar,GEN,SATPAL,M,GEN,,IND,3115,8,769998,1136762
S07,HARYANA,3,2004,9,Hissar,GEN,SHAMSHER,M,GEN,,IND,2933,9,769998,1136762
S07,HARYANA,3,2004,9,Hissar,GEN,RAMNIWAS,M,GEN,,SP,2598,10,769998,1136762
S07,HARYANA,3,2004,9,Hissar,GEN,RANDHIR SINGH,M,GEN,,IND,2105,11,769998,1136762
S07,HARYANA,3,2004,9,Hissar,GEN,BALWAN ARYA,M,GEN,,IND,1386,12,769998,1136762
S07,HARYANA,3,2004,9,Hissar,GEN,PARMESHWAR DAS,M,GEN,,IND,666,13,769998,1136762
S07,HARYANA,3,2004,9,Hissar,GEN,PRITAM KUMAR,M,GEN,,IND,575,14,769998,1136762
S07,HARYANA,3,2004,9,Hissar,GEN,NIRAJ,M,GEN,,IND,535,15,769998,1136762
S07,HARYANA,3,2004,9,Hissar,GEN,ATAM PRAKASH,M,GEN,,IND,426,16,769998,1136762
S07,HARYANA,3,2004,10,Sirsa,SC,ATMA SINGH GILL,M,SC,,INC,349397,1,841683,1219935
S07,HARYANA,3,2004,10,Sirsa,SC,DR. SUSHIL INDORA,M,SC,,INLD,277922,2,841683,1219935
S07,HARYANA,3,2004,10,Sirsa,SC,MAHAVIR PARSHAD,M,SC,,BJP,115128,3,841683,1219935
S07,HARYANA,3,2004,10,Sirsa,SC,RAIR CHAND,M,SC,,HVP,46059,4,841683,1219935
S07,HARYANA,3,2004,10,Sirsa,SC,DR. RAMESH BHUKAL,M,SC,,BSP,24448,5,841683,1219935
S07,HARYANA,3,2004,10,Sirsa,SC,VIKARAMJIT,M,SC,,IND,13132,6,841683,1219935
S07,HARYANA,3,2004,10,Sirsa,SC,AMI LAL,M,SC,,RVP,10823,7,841683,1219935
S07,HARYANA,3,2004,10,Sirsa,SC,DESRAJ,M,SC,,IND,4773,8,841683,1219935
S07,HARYANA,7,1999,1,Ambala,SC,Rattan Lal Kataria,M,,,BJP,357460,1,698854,1091846
S07,HARYANA,7,1999,1,Ambala,SC,Phool Chand Mullana,M,,,INC,232982,2,698854,1091846
S07,HARYANA,7,1999,1,Ambala,SC,Aman Kumar Nagra,M,,,BSP,83644,3,698854,1091846
S07,HARYANA,7,1999,1,Ambala,SC,Maya Ram,M,,,BSP(A),6630,4,698854,1091846
S07,HARYANA,7,1999,1,Ambala,SC,Krishan Chand,M,,,RPI,5176,5,698854,1091846
S07,HARYANA,7,1999,1,Ambala,SC,Sushil,M,,,IND,3743,6,698854,1091846
S07,HARYANA,7,1999,1,Ambala,SC,Ajay,M,,,IND,1578,7,698854,1091846
S07,HARYANA,7,1999,1,Ambala,SC,Baljeet Singh Mandebar,M,,,JD(S),1124,8,698854,1091846
S07,HARYANA,7,1999,2,Kurukshetra,GEN,Prof Kailasho Devi,F,,,INLD,438701,1,730566,1073147
S07,HARYANA,7,1999,2,Kurukshetra,GEN,Om Parkash Jindal,M,,,INC,275091,2,730566,1073147
S07,HARYANA,7,1999,2,Kurukshetra,GEN,Om Parkash,M,,,IND,3177,3,730566,1073147
S07,HARYANA,7,1999,2,Kurukshetra,GEN,Balbir Singh,M,,,IND,2814,4,730566,1073147
S07,HARYANA,7,1999,2,Kurukshetra,GEN,Dharm Singh,M,,,IND,1567,5,730566,1073147
S07,HARYANA,7,1999,2,Kurukshetra,GEN,Rajender Parshad,M,,,IND,1097,6,730566,1073147
S07,HARYANA,7,1999,2,Kurukshetra,GEN,Tilak Raj,M,,,IND,791,7,730566,1073147
S07,HARYANA,7,1999,2,Kurukshetra,GEN,Ramji Lal,M,,,IND,519,8,730566,1073147
S07,HARYANA,7,1999,3,Karnal,GEN,I.D. Swami,M,,,BJP,433733,1,771194,1131448
S07,HARYANA,7,1999,3,Karnal,GEN,Bhajan Lal,M,,,INC,285879,2,771194,1131448
S07,HARYANA,7,1999,3,Karnal,GEN,Pardeep Kumar,M,,,BSP,26860,3,771194,1131448
S07,HARYANA,7,1999,3,Karnal,GEN,Ramphal Sharma,M,,,IND,7405,4,771194,1131448
S07,HARYANA,7,1999,3,Karnal,GEN,Sukhvinder Singh,M,,,IND,6150,5,771194,1131448
S07,HARYANA,7,1999,3,Karnal,GEN,Bajinder Singh,M,,,IND,3479,6,771194,1131448
S07,HARYANA,7,1999,3,Karnal,GEN,Nar Singh Dass Gupta,M,,,SP,3045,7,771194,1131448
S07,HARYANA,7,1999,3,Karnal,GEN,Dwarka Parsad,M,,,IND,1258,8,771194,1131448
S07,HARYANA,7,1999,3,Karnal,GEN,Anoop Singh,M,,,IND,816,9,771194,1131448
S07,HARYANA,7,1999,3,Karnal,GEN,Devi Lal,M,,,IND,755,10,771194,1131448
S07,HARYANA,7,1999,3,Karnal,GEN,Ugar Sain,M,,,IND,553,11,771194,1131448
S07,HARYANA,7,1999,3,Karnal,GEN,Ami Lal,M,,,IND,472,12,771194,1131448
S07,HARYANA,7,1999,3,Karnal,GEN,Om Parkash,M,,,IND,354,13,771194,1131448
S07,HARYANA,7,1999,3,Karnal,GEN,Tapesh Bagati,M,,,IND,342,14,771194,1131448
S07,HARYANA,7,1999,4,Sonepat,GEN,Kishan Singh Sangwan,M,,,BJP,457056,1,659535,1057175
S07,HARYANA,7,1999,4,Sonepat,GEN,Chiranji Lal,M,,,INC,190918,2,659535,1057175
S07,HARYANA,7,1999,4,Sonepat,GEN,Sanjay,M,,,SP,1999,3,659535,1057175
S07,HARYANA,7,1999,4,Sonepat,GEN,Kawal Singh,M,,,NCP,1844,4,659535,1057175
S07,HARYANA,7,1999,4,Sonepat,GEN,Sant Ram,M,,,IND,1373,5,659535,1057175
S07,HARYANA,7,1999,4,Sonepat,GEN,Hariparkash,M,,,IND,1319,6,659535,1057175
S07,HARYANA,7,1999,5,Rohtak,GEN,Inder Singh,M,,,INLD,366926,1,634235,938878
S07,HARYANA,7,1999,5,Rohtak,GEN,Bhupinder Singh,M,,,INC,222233,2,634235,938878
S07,HARYANA,7,1999,5,Rohtak,GEN,Arvind Kumar Sharma,M,,,IND,27265,3,634235,938878
S07,HARYANA,7,1999,5,Rohtak,GEN,Kanta,F,,,SP,5295,4,634235,938878
S07,HARYANA,7,1999,5,Rohtak,GEN,Suraj Mal Hooda,M,,,IND,4956,5,634235,938878
S07,HARYANA,7,1999,5,Rohtak,GEN,Satender,M,,,IND,2387,6,634235,938878
S07,HARYANA,7,1999,5,Rohtak,GEN,Anoop Singh,M,,,IND,921,7,634235,938878
S07,HARYANA,7,1999,5,Rohtak,GEN,Devender Kumar,M,,,IND,753,8,634235,938878
S07,HARYANA,7,1999,5,Rohtak,GEN,Risal Singh,M,,,IND,554,9,634235,938878
S07,HARYANA,7,1999,5,Rohtak,GEN,Nafe,M,,,IND,540,10,634235,938878
S07,HARYANA,7,1999,5,Rohtak,GEN,Sajjan Singh,M,,,IND,497,11,634235,938878
S07,HARYANA,7,1999,5,Rohtak,GEN,Col Rampal Singh,M,,,IND,418,12,634235,938878
S07,HARYANA,7,1999,5,Rohtak,GEN,Mukhtiar Singh,M,,,IND,338,13,634235,938878
S07,HARYANA,7,1999,5,Rohtak,GEN,Ram Phal,M,,,IND,290,14,634235,938878
S07,HARYANA,7,1999,6,Faridabad,GEN,Ram Chander Bainda,M,,,BJP,367842,1,755003,1330157
S07,HARYANA,7,1999,6,Faridabad,GEN,Zakir Hussain,M,,,INC,333594,2,755003,1330157
S07,HARYANA,7,1999,6,Faridabad,GEN,Shyam Sunder Kapoor,M,,,HVP,37045,3,755003,1330157
S07,HARYANA,7,1999,6,Faridabad,GEN,Daulat Singh Khatana,M,,,SP,1980,4,755003,1330157
S07,HARYANA,7,1999,6,Faridabad,GEN,Rattan Singh,M,,,IND,1169,5,755003,1330157
S07,HARYANA,7,1999,6,Faridabad,GEN,Tej Pal,M,,,IND,940,6,755003,1330157
S07,HARYANA,7,1999,6,Faridabad,GEN,Baldev Singh,M,,,IND,738,7,755003,1330157
S07,HARYANA,7,1999,6,Faridabad,GEN,Madan Lal Sharma,M,,,IND,734,8,755003,1330157
S07,HARYANA,7,1999,6,Faridabad,GEN,Tek Chand,M,,,IND,500,9,755003,1330157
S07,HARYANA,7,1999,6,Faridabad,GEN,Shiv Kumar,M,,,IND,421,10,755003,1330157
S07,HARYANA,7,1999,6,Faridabad,GEN,Ram Kishan Beniwal,M,,,IND,354,11,755003,1330157
S07,HARYANA,7,1999,6,Faridabad,GEN,Harsh Mani,M,,,IND,167,12,755003,1330157
S07,HARYANA,7,1999,7,Mahendragarh,GEN,Dr. Sudha Yadav,F,,,BJP,420706,1,752654,1236918
S07,HARYANA,7,1999,7,Mahendragarh,GEN,Inderjit Singh,M,,,INC,281566,2,752654,1236918
S07,HARYANA,7,1999,7,Mahendragarh,GEN,Raghu,M,,,BSP,25826,3,752654,1236918
S07,HARYANA,7,1999,7,Mahendragarh,GEN,Braham Dutt,M,,,IND,3793,4,752654,1236918
S07,HARYANA,7,1999,7,Mahendragarh,GEN,Lal Singh,M,,,IND,3485,5,752654,1236918
S07,HARYANA,7,1999,7,Mahendragarh,GEN,Manohar Lal,M,,,SP,3114,6,752654,1236918
S07,HARYANA,7,1999,7,Mahendragarh,GEN,Ajit Singh,M,,,IND,2890,7,752654,1236918
S07,HARYANA,7,1999,7,Mahendragarh,GEN,Ravinder Yadav,M,,,NCP,2096,8,752654,1236918
S07,HARYANA,7,1999,7,Mahendragarh,GEN,Major Prabhu Lal Batra,M,,,ABJS,1230,9,752654,1236918
S07,HARYANA,7,1999,8,Bhiwani,GEN,Ajay Singh Chautala,M,,,INLD,381255,1,740347,1053603
S07,HARYANA,7,1999,8,Bhiwani,GEN,Dharambir,M,,,INC,177849,2,740347,1053603
S07,HARYANA,7,1999,8,Bhiwani,GEN,Surender Singh,M,,,HVP,151686,3,740347,1053603
S07,HARYANA,7,1999,8,Bhiwani,GEN,Comrade Parbhat Singh,M,,,CPM,10511,4,740347,1053603
S07,HARYANA,7,1999,8,Bhiwani,GEN,Ramesh,M,,,SP,3171,5,740347,1053603
S07,HARYANA,7,1999,8,Bhiwani,GEN,Ashok Kumar,M,,,IND,955,6,740347,1053603
S07,HARYANA,7,1999,8,Bhiwani,GEN,Diwan Chand,M,,,IND,667,7,740347,1053603
S07,HARYANA,7,1999,8,Bhiwani,GEN,Karan Singh,M,,,IND,624,8,740347,1053603
S07,HARYANA,7,1999,8,Bhiwani,GEN,Krishan Kumar,M,,,IND,583,9,740347,1053603
S07,HARYANA,7,1999,8,Bhiwani,GEN,Mahender Singh,M,,,IND,528,10,740347,1053603
S07,HARYANA,7,1999,8,Bhiwani,GEN,Darshan,M,,,IND,495,11,740347,1053603
S07,HARYANA,7,1999,8,Bhiwani,GEN,Ramesh Kumar,M,,,IND,489,12,740347,1053603
S07,HARYANA,7,1999,8,Bhiwani,GEN,Dharam Pal Singh,M,,,IND,472,13,740347,1053603
S07,HARYANA,7,1999,8,Bhiwani,GEN,Mahipal,M,,,IND,471,14,740347,1053603
S07,HARYANA,7,1999,8,Bhiwani,GEN,Ved Prakash,M,,,IND,447,15,740347,1053603
S07,HARYANA,7,1999,8,Bhiwani,GEN,Bhim Sen Chhabra,M,,,IND,371,16,740347,1053603
S07,HARYANA,7,1999,8,Bhiwani,GEN,Om,M,,,IND,363,17,740347,1053603
S07,HARYANA,7,1999,8,Bhiwani,GEN,Raj Kumar,M,,,IND,287,18,740347,1053603
S07,HARYANA,7,1999,8,Bhiwani,GEN,Ravinder,M,,,IND,253,19,740347,1053603
S07,HARYANA,7,1999,8,Bhiwani,GEN,Rajender Singh,M,,,IND,232,20,740347,1053603
S07,HARYANA,7,1999,8,Bhiwani,GEN,Umed Singh S/o Udai Singh,M,,,IND,208,21,740347,1053603
S07,HARYANA,7,1999,8,Bhiwani,GEN,Tajvir Singh,M,,,IND,188,22,740347,1053603
S07,HARYANA,7,1999,8,Bhiwani,GEN,Kartar,M,,,IND,165,23,740347,1053603
S07,HARYANA,7,1999,8,Bhiwani,GEN,Surender,M,,,IND,165,24,740347,1053603
S07,HARYANA,7,1999,8,Bhiwani,GEN,Ramehar,M,,,IND,164,25,740347,1053603
S07,HARYANA,7,1999,8,Bhiwani,GEN,Umed Singh S/o Bairishal Singh,M,,,IND,154,26,740347,1053603
S07,HARYANA,7,1999,8,Bhiwani,GEN,Sukhchen,M,,,IND,109,27,740347,1053603
S07,HARYANA,7,1999,8,Bhiwani,GEN,Mahavir Prasad,M,,,IND,100,28,740347,1053603
S07,HARYANA,7,1999,8,Bhiwani,GEN,Rajbir,M,,,IND,80,29,740347,1053603
S07,HARYANA,7,1999,9,Hissar,GEN,Surender Singh Barwala,M,,,INLD,396540,1,646513,1025344
S07,HARYANA,7,1999,9,Hissar,GEN,Birender Singh,M,,,INC,236088,2,646513,1025344
S07,HARYANA,7,1999,9,Hissar,GEN,Roopender Singh,M,,,AJBP,2204,3,646513,1025344
S07,HARYANA,7,1999,9,Hissar,GEN,Surender,M,,,IND,1648,4,646513,1025344
S07,HARYANA,7,1999,9,Hissar,GEN,Neeraj,M,,,IND,1260,5,646513,1025344
S07,HARYANA,7,1999,9,Hissar,GEN,Bhajja Ram,M,,,IND,576,6,646513,1025344
S07,HARYANA,7,1999,9,Hissar,GEN,Rattan Lal,M,,,IND,510,7,646513,1025344
S07,HARYANA,7,1999,9,Hissar,GEN,Subhash Chand,M,,,IND,476,8,646513,1025344
S07,HARYANA,7,1999,10,Sirsa,SC,Dr. Sushil Kumar Indora,M,,,INLD,419278,1,641063,1100439
S07,HARYANA,7,1999,10,Sirsa,SC,Om Parkash,M,,,INC,199552,2,641063,1100439
S07,HARYANA,7,1999,10,Sirsa,SC,Babu Lal,M,,,SP,10789,3,641063,1100439
S07,HARYANA,7,1999,10,Sirsa,SC,Brij Lal,M,,,IND,2689,4,641063,1100439
S07,HARYANA,7,1999,10,Sirsa,SC,Dr Sudarshan Kumar,M,,,IND,2372,5,641063,1100439
S07,HARYANA,7,1999,10,Sirsa,SC,Raj Kumar Nagar,M,,,IND,748,6,641063,1100439
S07,HARYANA,3,1998,1,Ambala,SC,AMAN KUMAR NAGRA,M,,,BSP,273792,1,748042,1092422
S07,HARYANA,3,1998,1,Ambala,SC,SURAJ BHAN,M,,,BJP,270928,2,748042,1092422
S07,HARYANA,3,1998,1,Ambala,SC,RAJ KUMAR,M,,,INC,174171,3,748042,1092422
S07,HARYANA,3,1998,1,Ambala,SC,AMAR DASS,M,,,JD,6258,4,748042,1092422
S07,HARYANA,3,1998,1,Ambala,SC,MAYA RAM,M,,,BSP(A),5819,5,748042,1092422
S07,HARYANA,3,1998,1,Ambala,SC,MAN PHOOL SINGH,M,,,SJP(R),5421,6,748042,1092422
S07,HARYANA,3,1998,1,Ambala,SC,SUNDER LAL,M,,,IND,2414,7,748042,1092422
S07,HARYANA,3,1998,1,Ambala,SC,KEHAR SINGH,M,,,IND,1257,8,748042,1092422
S07,HARYANA,3,1998,1,Ambala,SC,JAGDISH LAL,M,,,IND,486,9,748042,1092422
S07,HARYANA,3,1998,2,Kurukshetra,GEN,KAILASHO  DEVI,F,,,HLD(R),333387,1,773841,1089508
S07,HARYANA,3,1998,2,Kurukshetra,GEN,KULDIP SHARMA,M,,,INC,191867,2,773841,1089508
S07,HARYANA,3,1998,2,Kurukshetra,GEN,JATINDER SINGH KAKA,M,,,HVP,181791,3,773841,1089508
S07,HARYANA,3,1998,2,Kurukshetra,GEN,SHYAM SINGH RANA,M,,,SJP(R),42105,4,773841,1089508
S07,HARYANA,3,1998,2,Kurukshetra,GEN,HAWA SINGH,M,,,AIIC(S),6559,5,773841,1089508
S07,HARYANA,3,1998,2,Kurukshetra,GEN,BALBIR,M,,,IND,2368,6,773841,1089508
S07,HARYANA,3,1998,2,Kurukshetra,GEN,MAHINDER SINGH,M,,,SP,2285,7,773841,1089508
S07,HARYANA,3,1998,2,Kurukshetra,GEN,BALI RAM,M,,,IND,2274,8,773841,1089508
S07,HARYANA,3,1998,2,Kurukshetra,GEN,AMAR SHARMA,M,,,SHS,1264,9,773841,1089508
S07,HARYANA,3,1998,2,Kurukshetra,GEN,GURNAM SINGH,M,,,IND,705,10,773841,1089508
S07,HARYANA,3,1998,2,Kurukshetra,GEN,RAJ KUMAR,M,,,IND,629,11,773841,1089508
S07,HARYANA,3,1998,3,Karnal,GEN,BHAJAN LAL,M,,,INC,327750,1,806138,1137817
S07,HARYANA,3,1998,3,Karnal,GEN,I.D. SWAMI,M,,,BJP,275689,2,806138,1137817
S07,HARYANA,3,1998,3,Karnal,GEN,UMED SINGH KASHYAP,M,,,HLD(R),156565,3,806138,1137817
S07,HARYANA,3,1998,3,Karnal,GEN,CHASAM PAL SINGH NAIN,M,,,JD,15900,4,806138,1137817
S07,HARYANA,3,1998,3,Karnal,GEN,RAJENDER SINGH VERMA,M,,,SJP(R),9837,5,806138,1137817
S07,HARYANA,3,1998,3,Karnal,GEN,BIJENDER,M,,,IND,4114,6,806138,1137817
S07,HARYANA,3,1998,3,Karnal,GEN,ISHWAR CHAND AGGARWAL,M,,,SP,2827,7,806138,1137817
S07,HARYANA,3,1998,3,Karnal,GEN,NARESH,M,,,IND,1016,8,806138,1137817
S07,HARYANA,3,1998,3,Karnal,GEN,MITTAR PAL,M,,,AJBP,996,9,806138,1137817
S07,HARYANA,3,1998,3,Karnal,GEN,MOHAN RAO SAHEB,M,,,IND,644,10,806138,1137817
S07,HARYANA,3,1998,3,Karnal,GEN,MANPHOOL SINGH,M,,,IND,484,11,806138,1137817
S07,HARYANA,3,1998,3,Karnal,GEN,LAJ PAT RAI,M,,,IND,423,12,806138,1137817
S07,HARYANA,3,1998,3,Karnal,GEN,CHHAKAN LAL,M,,,IND,264,13,806138,1137817
S07,HARYANA,3,1998,3,Karnal,GEN,SOM PARKASH KASHYAP,M,,,IND,229,14,806138,1137817
S07,HARYANA,3,1998,4,Sonepat,GEN,KISHAN SINGH,M,,,HLD(R),290299,1,699624,1059823
S07,HARYANA,3,1998,4,Sonepat,GEN,ABHEY RAM DAHIYA,M,,,HVP,152975,2,699624,1059823
S07,HARYANA,3,1998,4,Sonepat,GEN,ARVIND KUMAR,M,,,SHS,143911,3,699624,1059823
S07,HARYANA,3,1998,4,Sonepat,GEN,BALBIR,M,,,INC,82292,4,699624,1059823
S07,HARYANA,3,1998,4,Sonepat,GEN,SANJAY,M,,,SP,3774,5,699624,1059823
S07,HARYANA,3,1998,4,Sonepat,GEN,HARSARUP SINGH,M,,,IND,3362,6,699624,1059823
S07,HARYANA,3,1998,4,Sonepat,GEN,RAMEHAR,M,,,IND,3152,7,699624,1059823
S07,HARYANA,3,1998,4,Sonepat,GEN,KITAB SINGH,M,,,IND,2747,8,699624,1059823
S07,HARYANA,3,1998,4,Sonepat,GEN,RAJ SINGH TEHLAN,M,,,JP,1865,9,699624,1059823
S07,HARYANA,3,1998,4,Sonepat,GEN,RAJ PAL,M,,,IND,1676,10,699624,1059823
S07,HARYANA,3,1998,4,Sonepat,GEN,BASANT,M,,,IND,1643,11,699624,1059823
S07,HARYANA,3,1998,4,Sonepat,GEN,HARI PARKASH,M,,,IND,1461,12,699624,1059823
S07,HARYANA,3,1998,4,Sonepat,GEN,RAJESH KUMAR,M,,,IND,1376,13,699624,1059823
S07,HARYANA,3,1998,4,Sonepat,GEN,ROHTAS,M,,,IND,870,14,699624,1059823
S07,HARYANA,3,1998,4,Sonepat,GEN,SAT GURU DASS,M,,,IND,282,15,699624,1059823
S07,HARYANA,3,1998,4,Sonepat,GEN,DHARAMVIR,M,,,IND,279,16,699624,1059823
S07,HARYANA,3,1998,4,Sonepat,GEN,KELAWATI,F,,,IND,243,17,699624,1059823
S07,HARYANA,3,1998,5,Rohtak,GEN,BHUPINDER SINGH,M,,,INC,254951,1,667639,939007
S07,HARYANA,3,1998,5,Rohtak,GEN,DEVI LAL S/O SH. LEKH RAM,M,,,HLD(R),254568,2,667639,939007
S07,HARYANA,3,1998,5,Rohtak,GEN,SWAMI INDERVESH,M,,,BJP,130895,3,667639,939007
S07,HARYANA,3,1998,5,Rohtak,GEN,RAM CHANDER JANGRA,M,,,IND,4628,4,667639,939007
S07,HARYANA,3,1998,5,Rohtak,GEN,ANOOP SINGH,M,,,IND,3776,5,667639,939007
S07,HARYANA,3,1998,5,Rohtak,GEN,KAPTAN SINGH RATHEE,M,,,SP,2717,6,667639,939007
S07,HARYANA,3,1998,5,Rohtak,GEN,OMKAR,M,,,IND,1623,7,667639,939007
S07,HARYANA,3,1998,5,Rohtak,GEN,MUKESH KUMAR,M,,,IND,1093,8,667639,939007
S07,HARYANA,3,1998,5,Rohtak,GEN,UMED SINGH,M,,,JP,1071,9,667639,939007
S07,HARYANA,3,1998,5,Rohtak,GEN,VIJAY KUMAR,M,,,IND,906,10,667639,939007
S07,HARYANA,3,1998,5,Rohtak,GEN,MUKHTARE,M,,,IND,805,11,667639,939007
S07,HARYANA,3,1998,5,Rohtak,GEN,RADHEY SHYAM,M,,,IND,775,12,667639,939007
S07,HARYANA,3,1998,5,Rohtak,GEN,NAFE,M,,,IND,461,13,667639,939007
S07,HARYANA,3,1998,5,Rohtak,GEN,RAMDHARI ATTKAN,M,,,IND,366,14,667639,939007
S07,HARYANA,3,1998,5,Rohtak,GEN,DEVI LAL S/O SH. GURDAYAL,M,,,IND,270,15,667639,939007
S07,HARYANA,3,1998,5,Rohtak,GEN,LT.COL.HARI NARAYAN,M,,,IND,191,16,667639,939007
S07,HARYANA,3,1998,5,Rohtak,GEN,MUKHTIAR SINGH,M,,,IND,164,17,667639,939007
S07,HARYANA,3,1998,5,Rohtak,GEN,HARISH CHANDER,M,,,IND,154,18,667639,939007
S07,HARYANA,3,1998,6,Faridabad,GEN,RAMCHANDER BAINDA,M,,,BJP,304022,1,913289,1390542
S07,HARYANA,3,1998,6,Faridabad,GEN,KHURSHID AHMAD,M,,,INC,288679,2,913289,1390542
S07,HARYANA,3,1998,6,Faridabad,GEN,AVTAR SINGH BHADANA,M,,,SJP(R),173890,3,913289,1390542
S07,HARYANA,3,1998,6,Faridabad,GEN,DHARMBIR BHADANA,M,,,BSP,118009,4,913289,1390542
S07,HARYANA,3,1998,6,Faridabad,GEN,MOHD. AZAZ KHAN,M,,,SP,4180,5,913289,1390542
S07,HARYANA,3,1998,6,Faridabad,GEN,MAHADEV SHARMA,M,,,JD,3194,6,913289,1390542
S07,HARYANA,3,1998,6,Faridabad,GEN,FAROOK,M,,,IND,2303,7,913289,1390542
S07,HARYANA,3,1998,6,Faridabad,GEN,KRISHAN KUMAR,M,,,IND,1036,8,913289,1390542
S07,HARYANA,3,1998,6,Faridabad,GEN,MANGE RAM,M,,,MSP,968,9,913289,1390542
S07,HARYANA,3,1998,6,Faridabad,GEN,SUMITRA,F,,,IND,800,10,913289,1390542
S07,HARYANA,3,1998,6,Faridabad,GEN,POONAM SINGH,F,,,AJBP,673,11,913289,1390542
S07,HARYANA,3,1998,6,Faridabad,GEN,RATTAN SINGH,M,,,IND,528,12,913289,1390542
S07,HARYANA,3,1998,6,Faridabad,GEN,PREMPAL SINGH,M,,,ABHS,441,13,913289,1390542
S07,HARYANA,3,1998,6,Faridabad,GEN,SATYAVIR,M,,,IND,314,14,913289,1390542
S07,HARYANA,3,1998,6,Faridabad,GEN,DHYAN SINGH,M,,,IND,250,15,913289,1390542
S07,HARYANA,3,1998,7,Mahendragarh,GEN,INDERJIT SINGH,M,,,INC,329126,1,803923,1225797
S07,HARYANA,3,1998,7,Mahendragarh,GEN,COL .RAM SINGH,M,,,BJP,260990,2,803923,1225797
S07,HARYANA,3,1998,7,Mahendragarh,GEN,RAGHU YADAV,M,,,BSP,188351,3,803923,1225797
S07,HARYANA,3,1998,7,Mahendragarh,GEN,TEK CHAND,M,,,IND,4936,4,803923,1225797
S07,HARYANA,3,1998,7,Mahendragarh,GEN,MAHENDER SINGH S/O RAO LAL SINGH,M,,,IND,3330,5,803923,1225797
S07,HARYANA,3,1998,7,Mahendragarh,GEN,PROFESSOR SURJIT SINGH,M,,,IND,2143,6,803923,1225797
S07,HARYANA,3,1998,7,Mahendragarh,GEN,COMRADE RAJENDER,M,,,IND,2040,7,803923,1225797
S07,HARYANA,3,1998,7,Mahendragarh,GEN,MAJOR PARBHU  LAL BATRA,M,,,ABJS,1677,8,803923,1225797
S07,HARYANA,3,1998,7,Mahendragarh,GEN,SATENDRA PRASAD,M,,,IND,546,9,803923,1225797
S07,HARYANA,3,1998,8,Bhiwani,GEN,SURENDER SINGH S/O BANSI LAL,M,,,HVP,361257,1,759694,1052297
S07,HARYANA,3,1998,8,Bhiwani,GEN,AJAY  SINGH,M,,,HLD(R),351546,2,759694,1052297
S07,HARYANA,3,1998,8,Bhiwani,GEN,RANBIR SINGH MAHENDER,M,,,INC,27789,3,759694,1052297
S07,HARYANA,3,1998,8,Bhiwani,GEN,CHHAJU RAM,M,,,JD,3161,4,759694,1052297
S07,HARYANA,3,1998,8,Bhiwani,GEN,BIR SINGH FAUJI,M,,,IND,886,5,759694,1052297
S07,HARYANA,3,1998,8,Bhiwani,GEN,MAHENDER  S/O VED PARKASH,M,,,IND,792,6,759694,1052297
S07,HARYANA,3,1998,8,Bhiwani,GEN,Dr. RAM SINGH PACHAR,M,,,IND,781,7,759694,1052297
S07,HARYANA,3,1998,8,Bhiwani,GEN,MAHENDER  S/O GIG RAJ,M,,,IND,726,8,759694,1052297
S07,HARYANA,3,1998,8,Bhiwani,GEN,RAJ PAL,M,,,IND,491,9,759694,1052297
S07,HARYANA,3,1998,8,Bhiwani,GEN,LAXMI,F,,,ABHM,426,10,759694,1052297
S07,HARYANA,3,1998,8,Bhiwani,GEN,SUKHCHEN,M,,,IND,358,11,759694,1052297
S07,HARYANA,3,1998,8,Bhiwani,GEN,SURENDER SINGH S/O DHOOP SINGH,M,,,IND,322,12,759694,1052297
S07,HARYANA,3,1998,8,Bhiwani,GEN,VINOD KUMAR,M,,,SHS,277,13,759694,1052297
S07,HARYANA,3,1998,8,Bhiwani,GEN,PARAMJIT SINGH,M,,,IND,204,14,759694,1052297
S07,HARYANA,3,1998,8,Bhiwani,GEN,SURENDER,M,,,IND,188,15,759694,1052297
S07,HARYANA,3,1998,8,Bhiwani,GEN,SATVIR SINGH,M,,,IND,171,16,759694,1052297
S07,HARYANA,3,1998,8,Bhiwani,GEN,SURENDER KUMAR,M,,,IND,150,17,759694,1052297
S07,HARYANA,3,1998,8,Bhiwani,GEN,RAM MEHAR,M,,,IND,145,18,759694,1052297
S07,HARYANA,3,1998,8,Bhiwani,GEN,TARA CHAND,M,,,IND,135,19,759694,1052297
S07,HARYANA,3,1998,8,Bhiwani,GEN,SAT PAL,M,,,IND,122,20,759694,1052297
S07,HARYANA,3,1998,8,Bhiwani,GEN,HAWA SINGH,M,,,IND,63,21,759694,1052297
S07,HARYANA,3,1998,9,Hissar,GEN,SURENDER SINGH BARWALA,M,,,HLD(R),260271,1,733670,1026332
S07,HARYANA,3,1998,9,Hissar,GEN,OM  PARKASH JINDAL,M,,,HVP,179780,2,733670,1026332
S07,HARYANA,3,1998,9,Hissar,GEN,JAI  PARKASH ALIAS J.P.,M,,,SJP(R),171129,3,733670,1026332
S07,HARYANA,3,1998,9,Hissar,GEN,RANJIT SINGH,M,,,INC,73251,4,733670,1026332
S07,HARYANA,3,1998,9,Hissar,GEN,PHOOL SINGH SHEOKAND,M,,,CPM,25366,5,733670,1026332
S07,HARYANA,3,1998,9,Hissar,GEN,ASHWANI KUMAR,M,,,LS,2992,6,733670,1026332
S07,HARYANA,3,1998,9,Hissar,GEN,RAM KUMAR,M,,,IND,2867,7,733670,1026332
S07,HARYANA,3,1998,9,Hissar,GEN,PREM SINGH,M,,,IND,2396,8,733670,1026332
S07,HARYANA,3,1998,9,Hissar,GEN,AJAY,M,,,IND,1957,9,733670,1026332
S07,HARYANA,3,1998,9,Hissar,GEN,BAHADUR SINGH,M,,,BKKGP,1819,10,733670,1026332
S07,HARYANA,3,1998,9,Hissar,GEN,JAI PARKASH  S/O JAI LAL,M,,,IND,1154,11,733670,1026332
S07,HARYANA,3,1998,9,Hissar,GEN,SHASHI BHARAT BHUSHAN,M,,,NPAP,919,12,733670,1026332
S07,HARYANA,3,1998,9,Hissar,GEN,KARTAR SINGH,M,,,IND,648,13,733670,1026332
S07,HARYANA,3,1998,9,Hissar,GEN,SURENDER SINGH,M,,,IND,573,14,733670,1026332
S07,HARYANA,3,1998,10,Sirsa,SC,DR.SUSHIL KUMAR INDORA,M,,,HLD(R),309451,1,741695,1073350
S07,HARYANA,3,1998,10,Sirsa,SC,SELJA,F,,,INC,215521,2,741695,1073350
S07,HARYANA,3,1998,10,Sirsa,SC,HANS RAJ,M,,,BJP,184562,3,741695,1073350
S07,HARYANA,3,1998,10,Sirsa,SC,JOGINDER SINGH,M,,,CPI,11270,4,741695,1073350
S07,HARYANA,3,1998,10,Sirsa,SC,DARSHAN LAL,M,,,IND,2397,5,741695,1073350
S07,HARYANA,3,1998,10,Sirsa,SC,SUSHIL KUMAR,M,,,IND,1598,6,741695,1073350
S07,HARYANA,3,1998,10,Sirsa,SC,CHHOTA SINGH,M,,,IND,1371,7,741695,1073350
S07,HARYANA,3,1998,10,Sirsa,SC,PHOOL SINGH,M,,,IND,1137,8,741695,1073350
S07,HARYANA,3,1998,10,Sirsa,SC,PARTAP,M,,,IND,1034,9,741695,1073350
S07,HARYANA,3,1998,10,Sirsa,SC,OM PARKASH,M,,,IND,1008,10,741695,1073350
S07,HARYANA,3,1998,10,Sirsa,SC,RAJ KUMAR,M,,,IND,899,11,741695,1073350
S07,HARYANA,3,1998,10,Sirsa,SC,BALJEET SINGH,M,,,IND,879,12,741695,1073350